region,Resource,technology,cluster,R_ID,Zone,Num_VRE_Bins,THERM,VRE,MUST_RUN,STOR,FLEX,HYDRO,LDS,CapRes_1,CapRes_2,Min_Share,Max_Share,Existing_Cap_MWh,Existing_Cap_MW,Existing_Charge_Cap_MW,num_units,unmodified_existing_cap_mw,New_Build,Cap_Size,Min_Cap_MW,Max_Cap_MW,Max_Cap_MWh,Min_Cap_MWh,Max_Charge_Cap_MW,Min_Charge_Cap_MW,Min_Share_percent,Max_Share_percent,capex_mw,Inv_Cost_per_MWyr,Fixed_OM_Cost_per_MWyr,capex_mwh,Inv_Cost_per_MWhyr,Fixed_OM_Cost_per_MWhyr,Var_OM_Cost_per_MWh,Var_OM_Cost_per_MWh_In,Inv_Cost_Charge_per_MWyr,Fixed_OM_Cost_Charge_per_MWyr,Start_Cost_per_MW,Start_Fuel_MMBTU_per_MW,Heat_Rate_MMBTU_per_MWh,heat_rate_mmbtu_mwh_iqr,heat_rate_mmbtu_mwh_std,Fuel,Min_Power,Self_Disch,Eff_Up,Eff_Down,Hydro_Energy_to_Power_Ratio,Min_Duration,Max_Duration,Reg_Max,Rsv_Max,Reg_Cost,Rsv_Cost,Max_Flexible_Demand_Delay,Max_Flexible_Demand_Advance,Flexible_Demand_Energy_Eff,CO2_Capture_Rate,CO2_Capture_Cost_per_Metric_Ton,co2_pipeline_annuity_mw,co2_pipeline_capex_mw,storage_cost_tonne,tonne_co2_captured_mwh,co2_cost_mwh,Ramp_Up_Percentage,Ramp_Dn_Percentage,Up_Time,Down_Time,spur_miles,spur_capex,offshore_spur_miles,offshore_spur_capex,tx_miles,tx_capex,interconnect_annuity,interconnect_capex_mw,regional_cost_multiplier,cap_recovery_years,wacc_real,variable_CF,RETRO,Num_RETRO_Sources,Retro1_Source,Retro1_Efficiency,Retro1_Inv_Cost_per_MWyr,Retro2_Source,Retro2_Efficiency,Retro2_Inv_Cost_per_MWyr,CapRes_3,CapRes_4,CapRes_5,CapRes_6,CapRes_7,CapRes_8,CapRes_9,CapRes_10,ESR_1,ESR_2,ESR_3,ESR_4,ESR_5,ESR_6,ESR_7,ESR_8,ESR_9,ESR_10,ESR_11,ESR_12,ESR_13,ESR_14,ESR_15,ESR_16,MinCapTag_1,MinCapTag_2,MinCapTag_3,MinCapTag_4,MinCapTag_5,Retro3_Source,Retro3_Efficiency,gen_is_variable,Retro3_Inv_Cost_per_MWyr,WACC,Capital_Recovery_Period,Lifetime,Min_Retired_Cap_MW,Min_Retired_Energy_Cap_MW,Min_Retired_Charge_Cap_MW
SPPS,SPPS_batteries_1,Batteries,1,1,1,0,0,0,0,1,0,0,0,0.0,0.0,0,0,446.2,222.0,0,4,222.0,0,55.5,0,0.0,0,0,0,0,0,0,0.0,0,6235,0.0,0,0,0.15,0.15,0,0,0,0.0,10.34,0.0,0.0,None,0.0,0,0.92,0.92,0.0,1,10,0.0,0.0,0,0,0,0,0,0.0,0,0.0,0.0,0.0,0.0,0.0,1.0,1.0,0,0,0,0,0,0,0,0,0.0,0.0,0.0,0,0.0,0.0,0,0,0,0,0,0,0,0,0.0,0.95,0.0,0.0,0.0,0.0,0.0,0.0,0,0,0,0,0,0,0,0,0,0,0,0,0,0,0,0,0,0,0,0,0,0,0,0,0,0.027,20,20,0,0,0
SPPS,SPPS_biomass_1,Biomass,1,2,1,0,0,0,1,0,0,0,0,0.0,0.0,0,0,0.0,2.0,0,8,11.8,-1,0.25,0,0.0,0,0,0,0,0,0,0.0,0,150850,0.0,0,0,5.4,0.0,0,0,172,0.0,12.56,0.093,0.65,waste_biomass,0.331,0,1.0,1.0,0.0,0,0,0.0,0.0,0,0,0,0,0,0.0,0,0.0,0.0,0.0,0.0,0.0,1.0,1.0,0,0,0,0,0,0,0,0,0.0,0.0,0.0,0,0.0,0.0,0,0,0,0,0,0,0,0,0.0,0.93,0.0,0.0,0.0,0.0,0.0,0.0,0,0,0,0,0,1,0,0,0,0,0,0,0,1,0,0,0,0,0,0,0,0,0,0,0,0.039,20,20,0,0,0
SPPS,SPPS_biomass_2,Biomass,2,3,1,0,0,0,1,0,0,0,0,0.0,0.0,0,0,0.0,44.5,0,8,266.6,0,5.56,0,0.0,0,0,0,0,0,0,0.0,0,150850,0.0,0,0,3.96,0.0,0,0,172,0.0,9.21,0.0,0.0,waste_biomass,0.0,0,1.0,1.0,0.0,0,0,0.0,0.0,0,0,0,0,0,0.0,0,0.0,0.0,0.0,0.0,0.0,1.0,1.0,0,0,0,0,0,0,0,0,0.0,0.0,0.0,0,0.0,0.0,0,0,0,0,0,0,0,0,0.0,0.93,0.0,0.0,0.0,0.0,0.0,0.0,0,0,0,0,0,1,0,0,0,0,0,0,0,1,0,0,0,0,0,0,0,0,0,0,0,0.039,20,20,0,0,0
SPPS,SPPS_conventional_hydroelectric_1,Conventional Hydroelectric,1,4,1,0,0,0,0,0,0,1,1,0.0,0.0,0,0,0.0,2016.3,0,59,2016.325,-1,34.17,0,0.0,0,0,0,0,0,0,0.0,0,47048,0.0,0,0,0.0,0.0,0,0,0,0.0,10.34,0.0,0.0,None,0.032,0,1.0,1.0,1.0,0,0,0.0,0.0,0,0,0,0,0,0.0,0,0.0,0.0,0.0,0.0,0.0,1.0,1.0,0,0,0,0,0,0,0,0,0.0,0.0,0.0,0,0.0,0.168859415,0,0,0,0,0,0,0,0,0.0,0.8,0.0,0.0,0.0,0.0,0.0,0.0,0,0,0,0,0,0,0,0,0,0,0,0,0,1,0,0,0,0,0,0,0,0,0,0,0,0.039,20,20,0,0,0
SPPS,SPPS_conventional_steam_coal_1,Conventional Steam Coal,1,5,1,0,1,0,0,0,0,0,0,0.0,0.0,0,0,0.0,4269.0,0,9,4268.997,-1,474.33,0,0.0,0,0,0,0,0,0,0.0,0,59217,0.0,0,0,1.88,0.0,0,0,124,16.5,11.48,0.952,0.99,west_south_central_coal,0.5,0,1.0,1.0,0.0,0,0,0.095,0.19,0,0,0,0,0,0.0,0,0.0,0.0,0.0,0.0,0.0,0.57,0.57,24,24,0,0,0,0,0,0,0.0,0.0,0.0,0,0.0,0.0,0,0,0,0,0,0,0,0,0.0,0.93,0.0,0.0,0.0,0.0,0.0,0.0,0,0,0,0,0,0,0,0,0,0,0,0,0,0,0,0,0,0,0,0,0,0,0,0,0,0.039,20,20,0,0,0
SPPS,SPPS_conventional_steam_coal_2,Conventional Steam Coal,2,6,1,0,1,0,0,0,0,0,0,0.0,0.0,0,0,0.0,2455.0,0,7,2454.998,-1,350.71,0,0.0,0,0,0,0,0,0,0.0,0,75955,0.0,0,0,1.88,0.0,0,0,124,16.5,16.21,2.158,8.469,west_south_central_coal,0.5,0,1.0,1.0,0.0,0,0,0.095,0.19,0,0,0,0,0,0.0,0,0.0,0.0,0.0,0.0,0.0,0.57,0.57,24,24,0,0,0,0,0,0,0.0,0.0,0.0,0,0.0,0.0,0,0,0,0,0,0,0,0,0.0,0.93,0.0,0.0,0.0,0.0,0.0,0.0,0,0,0,0,0,0,0,0,0,0,0,0,0,0,0,0,0,0,0,0,0,0,0,0,0,0.039,20,20,0,0,0
SPPS,SPPS_hydroelectric_pumped_storage_1,Hydroelectric Pumped Storage,1,7,1,0,0,0,0,1,0,0,1,0.0,0.0,0,0,7347.0,474.0,0,13,474.006,-1,36.46,0,0.0,0,0,0,0,0,0,0.0,0,47048,0.0,0,0,0.0,0.0,0,0,0,0.0,10.34,0.0,0.0,None,0.247,0,0.866,0.866,0.0,1,20,0.0,0.0,0,0,0,0,0,0.0,0,0.0,0.0,0.0,0.0,0.0,1.0,1.0,0,0,0,0,0,0,0,0,0.0,0.0,0.0,0,0.0,0.0,0,0,0,0,0,0,0,0,0.0,0.95,0.0,0.0,0.0,0.0,0.0,0.0,0,0,0,0,0,0,0,0,0,0,0,0,0,0,0,0,0,0,0,0,0,0,0,0,0,0.039,20,20,0,0,0
SPPS,SPPS_natural_gas_fired_combined_cycle_1,Natural Gas Fired Combined Cycle,1,8,1,0,1,0,0,0,0,0,0,0.0,0.0,0,0,0.0,2898.9,0,14,2898.896,-1,207.06,0,0.0,0,0,0,0,0,0,0.0,0,16492,0.0,0,0,4.55,0.0,0,0,92,2.0,8.77,1.785,1.005,west_south_central_naturalgas,0.3,0,1.0,1.0,0.0,0,0,0.106666667,0.213333333,0,0,0,0,0,0.0,0,0.0,0.0,0.0,0.0,0.0,0.64,0.64,6,6,0,0,0,0,0,0,0.0,0.0,0.0,0,0.0,0.0,0,0,0,0,0,0,0,0,0.0,0.93,0.0,0.0,0.0,0.0,0.0,0.0,0,0,0,0,0,0,0,0,0,0,0,0,0,0,0,0,0,0,0,0,0,0,0,0,0,0.039,20,20,0,0,0
SPPS,SPPS_natural_gas_fired_combined_cycle_2,Natural Gas Fired Combined Cycle,2,9,1,0,1,0,0,0,0,0,0,0.0,0.0,0,0,0.0,6887.7,0,19,6887.709,-1,362.51,0,0.0,0,0,0,0,0,0,0.0,0,11205,0.0,0,0,3.58,0.0,0,0,92,2.0,7.08,0.869,0.408,west_south_central_naturalgas,0.3,0,1.0,1.0,0.0,0,0,0.106666667,0.213333333,0,0,0,0,0,0.0,0,0.0,0.0,0.0,0.0,0.0,0.64,0.64,6,6,0,0,0,0,0,0,0.0,0.0,0.0,0,0.0,0.0,0,0,0,0,0,0,0,0,0.0,0.93,0.0,0.0,0.0,0.0,0.0,0.0,0,0,0,0,0,0,0,0,0,0,0,0,0,0,0,0,0,0,0,0,0,0,0,0,0,0.039,20,20,0,0,0
SPPS,SPPS_natural_gas_fired_combustion_turbine_1,Natural Gas Fired Combustion Turbine,1,10,1,0,1,0,0,0,0,0,0,0.0,0.0,0,0,0.0,182.1,0,8,182.096,-1,22.76,0,0.0,0,0,0,0,0,0,0.0,0,12146,0.0,0,0,5.28,0.0,0,0,119,3.5,15.55,1.657,1.396,west_south_central_naturalgas,0.3,0,1.0,1.0,0.0,0,0,0.106666667,0.213333333,0,0,0,0,0,0.0,0,0.0,0.0,0.0,0.0,0.0,3.78,3.78,1,1,0,0,0,0,0,0,0.0,0.0,0.0,0,0.0,0.0,0,0,0,0,0,0,0,0,0.0,0.93,0.0,0.0,0.0,0.0,0.0,0.0,0,0,0,0,0,0,0,0,0,0,0,0,0,0,0,0,0,0,0,0,0,0,0,0,0,0.039,20,20,0,0,0
SPPS,SPPS_natural_gas_fired_combustion_turbine_2,Natural Gas Fired Combustion Turbine,2,11,1,0,1,0,0,0,0,0,0,0.0,0.0,0,0,0.0,3385.0,0,32,3384.992,-1,105.78,0,0.0,0,0,0,0,0,0,0.0,0,10314,0.0,0,0,5.28,0.0,0,0,119,3.5,11.43,2.293,1.279,west_south_central_naturalgas,0.3,0,1.0,1.0,0.0,0,0,0.106666667,0.213333333,0,0,0,0,0,0.0,0,0.0,0.0,0.0,0.0,0.0,3.78,3.78,1,1,0,0,0,0,0,0,0.0,0.0,0.0,0,0.0,0.0,0,0,0,0,0,0,0,0,0.0,0.93,0.0,0.0,0.0,0.0,0.0,0.0,0,0,0,0,0,0,0,0,0,0,0,0,0,0,0,0,0,0,0,0,0,0,0,0,0,0.039,20,20,0,0,0
SPPS,SPPS_natural_gas_fired_combustion_turbine_3,Natural Gas Fired Combustion Turbine,3,12,1,0,1,0,0,0,0,0,0,0.0,0.0,0,0,0.0,409.4,0,15,409.395,-1,27.29,0,0.0,0,0,0,0,0,0,0.0,0,13945,0.0,0,0,5.28,0.0,0,0,119,3.5,10.5,1.947,1.182,west_south_central_naturalgas,0.3,0,1.0,1.0,0.0,0,0,0.106666667,0.213333333,0,0,0,0,0,0.0,0,0.0,0.0,0.0,0.0,0.0,3.78,3.78,1,1,0,0,0,0,0,0,0.0,0.0,0.0,0,0.0,0.0,0,0,0,0,0,0,0,0,0.0,0.93,0.0,0.0,0.0,0.0,0.0,0.0,0,0,0,0,0,0,0,0,0,0,0,0,0,0,0,0,0,0,0,0,0,0,0,0,0,0.039,20,20,0,0,0
SPPS,SPPS_natural_gas_internal_combustion_engine_1,Natural Gas Internal Combustion Engine,1,13,1,0,1,0,0,0,0,0,0,0.0,0.0,0,0,0.0,496.7,0,71,496.716,-1,7.0,0,0.0,0,0,0,0,0,0,0.0,0,21000,0.0,0,0,4.93,0.0,0,0,38,0.0,9.59,0.303,1.423,west_south_central_naturalgas,0.18,0,1.0,1.0,0.0,0,0,0.106666667,0.213333333,0,0,0,0,0,0.0,0,0.0,0.0,0.0,0.0,0.0,3.78,3.78,1,1,0,0,0,0,0,0,0.0,0.0,0.0,0,0.0,0.0,0,0,0,0,0,0,0,0,0.0,0.93,0.0,0.0,0.0,0.0,0.0,0.0,0,0,0,0,0,0,0,0,0,0,0,0,0,0,0,0,0,0,0,0,0,0,0,0,0,0.039,20,20,0,0,0
SPPS,SPPS_natural_gas_steam_turbine_1,Natural Gas Steam Turbine,1,14,1,0,1,0,0,0,0,0,0,0.0,0.0,0,0,0.0,7565.2,0,38,7565.192,0,199.08,0,0.0,0,0,0,0,0,0,0.0,0,37748,0.0,0,0,1.06,0.0,0,0,87,13.7,12.16,1.533,2.811,west_south_central_naturalgas,0.5,0,1.0,1.0,0.0,0,0,0.63,1.26,0,0,0,0,0,0.0,0,0.0,0.0,0.0,0.0,0.0,0.64,0.64,6,6,0,0,0,0,0,0,0.0,0.0,0.0,0,0.0,0.0,0,0,0,0,0,0,0,0,0.0,0.93,0.0,0.0,0.0,0.0,0.0,0.0,0,0,0,0,0,0,0,0,0,0,0,0,0,0,0,0,0,0,0,0,0,0,0,0,0,0.039,20,20,0,0,0
SPPS,SPPS_onshore_wind_turbine_1,Onshore Wind Turbine,1,15,1,1,0,1,0,0,0,0,0,0.0,0.0,0,0,0.0,19179.0,0,126,19178.964,-1,152.21,0,0.0,0,0,0,0,0,0,0.0,0,43000,0.0,0,0,0.0,0.0,0,0,0,0.0,10.34,0.0,0.0,None,0.0,0,1.0,1.0,0.0,0,0,0.0,0.0,0,0,0,0,0,0.0,0,0.0,0.0,0.0,0.0,0.0,1.0,1.0,0,0,0,0,0,0,0,0,0.0,0.0,0.0,0,0.0,0.330762573,0,0,0,0,0,0,0,0,0.0,0.8,0.0,0.0,0.0,0.0,0.0,0.0,0,0,0,0,0,1,0,0,0,0,0,0,0,1,0,0,0,0,0,0,0,0,0,1,0,0.024,20,20,0,0,0
SPPS,SPPS_petroleum_liquids_1,Petroleum Liquids,1,16,1,0,1,0,0,0,0,0,0,0.0,0.0,0,0,0.0,129.3,0,60,129.3,-1,2.15,0,0.0,0,0,0,0,0,0,0.0,0,21000,0.0,0,0,6.13,0.0,0,0,38,0.0,11.92,1.744,3.029,west_south_central_distillate,0.18,0,1.0,1.0,0.0,0,0,0.0,0.0,0,0,0,0,0,0.0,0,0.0,0.0,0.0,0.0,0.0,3.78,3.78,1,1,0,0,0,0,0,0,0.0,0.0,0.0,0,0.0,0.0,0,0,0,0,0,0,0,0,0.0,0.93,0.0,0.0,0.0,0.0,0.0,0.0,0,0,0,0,0,0,0,0,0,0,0,0,0,0,0,0,0,0,0,0,0,0,0,0,0,0.039,20,20,0,0,0
SPPS,SPPS_small_hydroelectric_1,Small Hydroelectric,1,17,1,0,0,0,1,0,0,0,0,0.0,0.0,0,0,0.0,39.8,0,11,89.1,-1,3.62,0,0.0,0,0,0,0,0,0,0.0,0,47048,0.0,0,0,0.0,0.0,0,0,0,0.0,10.34,0.0,0.0,None,0.264,0,1.0,1.0,0.0,0,0,0.0,0.0,0,0,0,0,0,0.0,0,0.0,0.0,0.0,0.0,0.0,1.0,1.0,0,0,0,0,0,0,0,0,0.0,0.0,0.0,0,0.0,0.168859415,0,0,0,0,0,0,0,0,0.0,0.8,0.0,0.0,0.0,0.0,0.0,0.0,0,0,0,0,0,1,0,0,0,0,0,0,0,1,0,0,0,0,0,0,0,0,0,0,0,0.039,20,20,0,0,0
SPPS,SPPS_solar_photovoltaic_1,Solar Photovoltaic,1,18,1,1,0,1,0,0,0,0,0,0.0,0.0,0,0,0.0,334.8,0,33,334.785,-1,10.14,0,0.0,0,0,0,0,0,0,0.0,0,22623,0.0,0,0,0.0,0.0,0,0,0,0.0,10.34,0.0,0.0,None,0.0,0,1.0,1.0,0.0,0,0,0.0,0.0,0,0,0,0,0,0.0,0,0.0,0.0,0.0,0.0,0.0,1.0,1.0,0,0,0,0,0,0,0,0,0.0,0.0,0.0,0,0.0,0.253192753,0,0,0,0,0,0,0,0,0.0,0.8,0.0,0.0,0.0,0.0,0.0,0.0,0,0,0,0,0,1,0,0,0,0,0,0,0,1,0,0,0,0,0,0,0,0,0,1,0,0.017,20,20,0,0,0
TRE,TRE_batteries_1,Batteries,1,19,2,0,0,0,0,1,0,0,0,0.0,0.0,0,0,4618.9,2829.5,0,50,2829.5,0,56.59,0,0.0,0,0,0,0,0,0,0.0,0,6235,0.0,0,0,0.15,0.15,0,0,0,0.0,10.34,0.0,0.0,None,0.0,0,0.92,0.92,0.0,1,10,0.0,0.0,0,0,0,0,0,0.0,0,0.0,0.0,0.0,0.0,0.0,1.0,1.0,0,0,0,0,0,0,0,0,0.0,0.0,0.0,0,0.0,0.0,0,0,0,0,0,0,0,0,0.0,0.0,0.95,0.0,0.0,0.0,0.0,0.0,0,0,0,0,0,0,0,0,0,0,0,0,0,0,0,0,0,0,0,0,0,0,0,0,0,0.027,20,20,0,0,0
TRE,TRE_biomass_1,Biomass,1,20,2,0,0,0,1,0,0,0,0,0.0,0.0,0,0,0.0,10.1,0,23,50.094,-1,0.44,0,0.0,0,0,0,0,0,0,0.0,0,150850,0.0,0,0,4.97,0.0,0,0,172,0.0,11.58,0.67,0.37,waste_biomass,0.419,0,1.0,1.0,0.0,0,0,0.0,0.0,0,0,0,0,0,0.0,0,0.0,0.0,0.0,0.0,0.0,1.0,1.0,0,0,0,0,0,0,0,0,0.0,0.0,0.0,0,0.0,0.0,0,0,0,0,0,0,0,0,0.0,0.0,0.93,0.0,0.0,0.0,0.0,0.0,0,0,0,0,0,0,0,1,0,0,0,0,0,0,0,1,0,0,0,0,0,0,0,0,0,0.039,20,20,0,0,0
TRE,TRE_biomass_2,Biomass,2,21,2,0,0,0,1,0,0,0,0,0.0,0.0,0,0,0.0,20.1,0,1,100.0,-1,20.15,0,0.0,0,0,0,0,0,0,0.0,0,150850,0.0,0,0,7.29,0.0,0,0,172,0.0,16.98,0.0,0.0,waste_biomass,0.7,0,1.0,1.0,0.0,0,0,0.0,0.0,0,0,0,0,0,0.0,0,0.0,0.0,0.0,0.0,0.0,1.0,1.0,0,0,0,0,0,0,0,0,0.0,0.0,0.0,0,0.0,0.0,0,0,0,0,0,0,0,0,0.0,0.0,0.93,0.0,0.0,0.0,0.0,0.0,0,0,0,0,0,0,0,1,0,0,0,0,0,0,0,1,0,0,0,0,0,0,0,0,0,0.039,20,20,0,0,0
TRE,TRE_conventional_hydroelectric_1,Conventional Hydroelectric,1,22,2,0,0,0,0,0,0,1,1,0.0,0.0,0,0,0.0,483.0,0,22,483.01,-1,21.96,0,0.0,0,0,0,0,0,0,0.0,0,47048,0.0,0,0,0.0,0.0,0,0,0,0.0,10.34,0.0,0.0,None,0.0,0,1.0,1.0,1.0,0,0,0.0,0.0,0,0,0,0,0,0.0,0,0.0,0.0,0.0,0.0,0.0,1.0,1.0,0,0,0,0,0,0,0,0,0.0,0.0,0.0,0,0.0,0.094297837,0,0,0,0,0,0,0,0,0.0,0.0,0.8,0.0,0.0,0.0,0.0,0.0,0,0,0,0,0,0,0,0,0,0,0,0,0,0,0,1,0,0,0,0,0,0,0,0,0,0.039,20,20,0,0,0
TRE,TRE_conventional_steam_coal_1,Conventional Steam Coal,1,23,2,0,1,0,0,0,0,0,0,0.0,0.0,0,0,0.0,5063.6,0,7,5063.597,-1,723.37,0,0.0,0,0,0,0,0,0,0.0,0,58410,0.0,0,0,1.88,0.0,0,0,124,16.5,10.33,0.655,0.422,west_south_central_coal,0.5,0,1.0,1.0,0.0,0,0,0.095,0.19,0,0,0,0,0,0.0,0,0.0,0.0,0.0,0.0,0.0,0.57,0.57,24,24,0,0,0,0,0,0,0.0,0.0,0.0,0,0.0,0.0,0,0,0,0,0,0,0,0,0.0,0.0,0.93,0.0,0.0,0.0,0.0,0.0,0,0,0,0,0,0,0,0,0,0,0,0,0,0,0,0,0,0,0,0,0,0,0,0,0,0.039,20,20,0,0,0
TRE,TRE_conventional_steam_coal_2,Conventional Steam Coal,2,24,2,0,1,0,0,0,0,0,0,0.0,0.0,0,0,0.0,6227.0,0,11,6227.001,-1,566.09,0,0.0,0,0,0,0,0,0,0.0,0,65994,0.0,0,0,1.88,0.0,0,0,124,16.5,11.97,0.944,0.673,west_south_central_coal,0.5,0,1.0,1.0,0.0,0,0,0.095,0.19,0,0,0,0,0,0.0,0,0.0,0.0,0.0,0.0,0.0,0.57,0.57,24,24,0,0,0,0,0,0,0.0,0.0,0.0,0,0.0,0.0,0,0,0,0,0,0,0,0,0.0,0.0,0.93,0.0,0.0,0.0,0.0,0.0,0,0,0,0,0,0,0,0,0,0,0,0,0,0,0,0,0,0,0,0,0,0,0,0,0,0.039,20,20,0,0,0
TRE,TRE_natural_gas_fired_combined_cycle_1,Natural Gas Fired Combined Cycle,1,25,2,0,1,0,0,0,0,0,0,0.0,0.0,0,0,0.0,31576.3,0,60,31576.32,-1,526.27,0,0.0,0,0,0,0,0,0,0.0,0,10764,0.0,0,0,3.59,0.0,0,0,92,2.0,7.76,0.62,1.337,west_south_central_naturalgas,0.3,0,1.0,1.0,0.0,0,0,0.106666667,0.213333333,0,0,0,0,0,0.0,0,0.0,0.0,0.0,0.0,0.0,0.64,0.64,6,6,0,0,0,0,0,0,0.0,0.0,0.0,0,0.0,0.0,0,0,0,0,0,0,0,0,0.0,0.0,0.93,0.0,0.0,0.0,0.0,0.0,0,0,0,0,0,0,0,0,0,0,0,0,0,0,0,0,0,0,0,0,0,0,0,0,0,0.039,20,20,0,0,0
TRE,TRE_natural_gas_fired_combined_cycle_2,Natural Gas Fired Combined Cycle,2,26,2,0,1,0,0,0,0,0,0,0.0,0.0,0,0,0.0,6578.8,0,25,6578.8,-1,263.15,0,0.0,0,0,0,0,0,0,0.0,0,15730,0.0,0,0,4.37,0.0,0,0,92,2.0,9.41,4.064,2.337,west_south_central_naturalgas,0.3,0,1.0,1.0,0.0,0,0,0.106666667,0.213333333,0,0,0,0,0,0.0,0,0.0,0.0,0.0,0.0,0.0,0.64,0.64,6,6,0,0,0,0,0,0,0.0,0.0,0.0,0,0.0,0.0,0,0,0,0,0,0,0,0,0.0,0.0,0.93,0.0,0.0,0.0,0.0,0.0,0,0,0,0,0,0,0,0,0,0,0,0,0,0,0,0,0,0,0,0,0,0,0,0,0,0.039,20,20,0,0,0
TRE,TRE_natural_gas_fired_combustion_turbine_1,Natural Gas Fired Combustion Turbine,1,27,2,0,1,0,0,0,0,0,0,0.0,0.0,0,0,0.0,8353.5,0,136,8353.528,-1,61.42,0,0.0,0,0,0,0,0,0,0.0,0,10386,0.0,0,0,5.28,0.0,0,0,119,3.5,11.34,3.46,2.053,west_south_central_naturalgas,0.3,0,1.0,1.0,0.0,0,0,0.106666667,0.213333333,0,0,0,0,0,0.0,0,0.0,0.0,0.0,0.0,0.0,3.78,3.78,1,1,0,0,0,0,0,0,0.0,0.0,0.0,0,0.0,0.0,0,0,0,0,0,0,0,0,0.0,0.0,0.93,0.0,0.0,0.0,0.0,0.0,0,0,0,0,0,0,0,0,0,0,0,0,0,0,0,0,0,0,0,0,0,0,0,0,0,0.039,20,20,0,0,0
TRE,TRE_natural_gas_fired_combustion_turbine_2,Natural Gas Fired Combustion Turbine,2,28,2,0,1,0,0,0,0,0,0,0.0,0.0,0,0,0.0,1600.3,0,46,1600.294,-1,34.79,0,0.0,0,0,0,0,0,0,0.0,0,13945,0.0,0,0,5.28,0.0,0,0,119,3.5,11.35,1.413,3.584,west_south_central_naturalgas,0.3,0,1.0,1.0,0.0,0,0,0.106666667,0.213333333,0,0,0,0,0,0.0,0,0.0,0.0,0.0,0.0,0.0,3.78,3.78,1,1,0,0,0,0,0,0,0.0,0.0,0.0,0,0.0,0.0,0,0,0,0,0,0,0,0,0.0,0.0,0.93,0.0,0.0,0.0,0.0,0.0,0,0,0,0,0,0,0,0,0,0,0,0,0,0,0,0,0,0,0,0,0,0,0,0,0,0.039,20,20,0,0,0
TRE,TRE_natural_gas_internal_combustion_engine_1,Natural Gas Internal Combustion Engine,1,29,2,0,1,0,0,0,0,0,0,0.0,0.0,0,0,0.0,900.0,0,462,899.976,-1,1.95,0,0.0,0,0,0,0,0,0,0.0,0,21000,0.0,0,0,4.49,0.0,0,0,38,0.0,8.73,0.0,0.356,west_south_central_naturalgas,0.18,0,1.0,1.0,0.0,0,0,0.106666667,0.213333333,0,0,0,0,0,0.0,0,0.0,0.0,0.0,0.0,0.0,3.78,3.78,1,1,0,0,0,0,0,0,0.0,0.0,0.0,0,0.0,0.0,0,0,0,0,0,0,0,0,0.0,0.0,0.93,0.0,0.0,0.0,0.0,0.0,0,0,0,0,0,0,0,0,0,0,0,0,0,0,0,0,0,0,0,0,0,0,0,0,0,0.039,20,20,0,0,0
TRE,TRE_natural_gas_steam_turbine_1,Natural Gas Steam Turbine,1,30,2,0,1,0,0,0,0,0,0,0.0,0.0,0,0,0.0,7739.2,0,36,7739.208,-1,214.98,0,0.0,0,0,0,0,0,0,0.0,0,34674,0.0,0,0,1.06,0.0,0,0,87,13.7,13.28,2.686,3.586,west_south_central_naturalgas,0.5,0,1.0,1.0,0.0,0,0,0.63,1.26,0,0,0,0,0,0.0,0,0.0,0.0,0.0,0.0,0.0,0.64,0.64,6,6,0,0,0,0,0,0,0.0,0.0,0.0,0,0.0,0.0,0,0,0,0,0,0,0,0,0.0,0.0,0.93,0.0,0.0,0.0,0.0,0.0,0,0,0,0,0,0,0,0,0,0,0,0,0,0,0,0,0,0,0,0,0,0,0,0,0,0.039,20,20,0,0,0
TRE,TRE_nuclear_1,Nuclear,1,31,2,0,1,0,0,0,0,0,0,0.0,0.0,0,0,0.0,5120.0,0,4,5120.0,-1,1280.0,0,0.0,0,0,0,0,0,0,0.0,0,193275,0.0,0,0,2.84,0.0,0,0,248,0.0,10.45,0.0,0.0,west_south_central_uranium,0.5,0,1.0,1.0,0.0,0,0,0.041666667,0.083333333,0,0,0,0,0,0.0,0,0.0,0.0,0.0,0.0,0.0,0.25,0.25,24,24,0,0,0,0,0,0,0.0,0.0,0.0,0,0.0,0.0,0,0,0,0,0,0,0,0,0.0,0.0,0.93,0.0,0.0,0.0,0.0,0.0,0,0,0,0,0,0,0,0,0,0,0,0,0,0,0,1,0,0,0,0,0,0,0,0,0,0.039,20,20,0,0,0
TRE,TRE_onshore_wind_turbine_1,Onshore Wind Turbine,1,32,2,1,0,1,0,0,0,0,0,0.0,0.0,0,0,0.0,12327.8,0,63,12327.777,-1,195.68,0,0.0,0,0,0,0,0,0,0.0,0,43000,0.0,0,0,0.0,0.0,0,0,0,0.0,10.34,0.0,0.0,None,0.0,0,1.0,1.0,0.0,0,0,0.0,0.0,0,0,0,0,0,0.0,0,0.0,0.0,0.0,0.0,0.0,1.0,1.0,0,0,0,0,0,0,0,0,0.0,0.0,0.0,0,0.0,0.264549772,0,0,0,0,0,0,0,0,0.0,0.0,0.8,0.0,0.0,0.0,0.0,0.0,0,0,0,0,0,0,0,1,0,0,0,0,0,0,0,1,0,0,0,0,0,0,0,1,0,0.024,20,20,0,0,0
TRE,TRE_petroleum_liquids_1,Petroleum Liquids,1,33,2,0,1,0,0,0,0,0,0,0.0,0.0,0,0,0.0,146.0,0,203,145.957,-1,0.72,0,0.0,0,0,0,0,0,0,0.0,0,21000,0.0,0,0,5.0,0.0,0,0,38,0.0,9.72,0.0,1.4,west_south_central_distillate,0.18,0,1.0,1.0,0.0,0,0,0.0,0.0,0,0,0,0,0,0.0,0,0.0,0.0,0.0,0.0,0.0,3.78,3.78,1,1,0,0,0,0,0,0,0.0,0.0,0.0,0,0.0,0.0,0,0,0,0,0,0,0,0,0.0,0.0,0.93,0.0,0.0,0.0,0.0,0.0,0,0,0,0,0,0,0,0,0,0,0,0,0,0,0,0,0,0,0,0,0,0,0,0,0,0.039,20,20,0,0,0
TRE,TRE_small_hydroelectric_1,Small Hydroelectric,1,34,2,0,0,0,1,0,0,0,0,0.0,0.0,0,0,0.0,21.7,0,16,56.096,-1,1.36,0,0.0,0,0,0,0,0,0,0.0,0,47048,0.0,0,0,0.0,0.0,0,0,0,0.0,10.34,0.0,0.0,None,0.503,0,1.0,1.0,0.0,0,0,0.0,0.0,0,0,0,0,0,0.0,0,0.0,0.0,0.0,0.0,0.0,1.0,1.0,0,0,0,0,0,0,0,0,0.0,0.0,0.0,0,0.0,0.094297837,0,0,0,0,0,0,0,0,0.0,0.0,0.8,0.0,0.0,0.0,0.0,0.0,0,0,0,0,0,0,0,1,0,0,0,0,0,0,0,1,0,0,0,0,0,0,0,0,0,0.039,20,20,0,0,0
TRE,TRE_solar_photovoltaic_1,Solar Photovoltaic,1,35,2,1,0,1,0,0,0,0,0,0.0,0.0,0,0,0.0,12506.6,0,122,12506.586,-1,102.51,0,0.0,0,0,0,0,0,0,0.0,0,22623,0.0,0,0,0.0,0.0,0,0,0,0.0,10.34,0.0,0.0,None,0.0,0,1.0,1.0,0.0,0,0,0.0,0.0,0,0,0,0,0,0.0,0,0.0,0.0,0.0,0.0,0.0,1.0,1.0,0,0,0,0,0,0,0,0,0.0,0.0,0.0,0,0.0,0.217775808,0,0,0,0,0,0,0,0,0.0,0.0,0.8,0.0,0.0,0.0,0.0,0.0,0,0,0,0,0,0,0,1,0,0,0,0,0,0,0,1,0,0,0,0,0,0,0,1,0,0.017,20,20,0,0,0
TRE_WEST,TRE_WEST_batteries_1,Batteries,1,36,3,0,0,0,0,1,0,0,0,0.0,0.0,0,0,3553.3,1912.4,0,39,1912.404,0,49.04,0,0.0,0,0,0,0,0,0,0.0,0,6235,0.0,0,0,0.15,0.15,0,0,0,0.0,10.34,0.0,0.0,None,0.0,0,0.92,0.92,0.0,1,10,0.0,0.0,0,0,0,0,0,0.0,0,0.0,0.0,0.0,0.0,0.0,1.0,1.0,0,0,0,0,0,0,0,0,0.0,0.0,0.0,0,0.0,0.0,0,0,0,0,0,0,0,0,0.0,0.0,0.95,0.0,0.0,0.0,0.0,0.0,0,0,0,0,0,0,0,0,0,0,0,0,0,0,0,0,0,0,0,0,0,0,0,0,0,0.027,20,20,0,0,0
TRE_WEST,TRE_WEST_natural_gas_fired_combined_cycle_1,Natural Gas Fired Combined Cycle,1,37,3,0,1,0,0,0,0,0,0,0.0,0.0,0,0,0.0,3197.2,0,10,3197.2,-1,319.72,0,0.0,0,0,0,0,0,0,0.0,0,10744,0.0,0,0,3.59,0.0,0,0,92,2.0,6.97,0.631,0.879,west_south_central_naturalgas,0.3,0,1.0,1.0,0.0,0,0,0.106666667,0.213333333,0,0,0,0,0,0.0,0,0.0,0.0,0.0,0.0,0.0,0.64,0.64,6,6,0,0,0,0,0,0,0.0,0.0,0.0,0,0.0,0.0,0,0,0,0,0,0,0,0,0.0,0.0,0.93,0.0,0.0,0.0,0.0,0.0,0,0,0,0,0,0,0,0,0,0,0,0,0,0,0,0,0,0,0,0,0,0,0,0,0,0.039,20,20,0,0,0
TRE_WEST,TRE_WEST_natural_gas_fired_combined_cycle_2,Natural Gas Fired Combined Cycle,2,38,3,0,1,0,0,0,0,0,0,0.0,0.0,0,0,0.0,393.1,0,3,393.099,-1,131.03,0,0.0,0,0,0,0,0,0,0.0,0,16492,0.0,0,0,4.55,0.0,0,0,92,2.0,10.59,3.495,3.942,west_south_central_naturalgas,0.3,0,1.0,1.0,0.0,0,0,0.106666667,0.213333333,0,0,0,0,0,0.0,0,0.0,0.0,0.0,0.0,0.0,0.64,0.64,6,6,0,0,0,0,0,0,0.0,0.0,0.0,0,0.0,0.0,0,0,0,0,0,0,0,0,0.0,0.0,0.93,0.0,0.0,0.0,0.0,0.0,0,0,0,0,0,0,0,0,0,0,0,0,0,0,0,0,0,0,0,0,0,0,0,0,0,0.039,20,20,0,0,0
TRE_WEST,TRE_WEST_natural_gas_fired_combustion_turbine_1,Natural Gas Fired Combustion Turbine,1,39,3,0,1,0,0,0,0,0,0,0.0,0.0,0,0,0.0,872.0,0,11,872.003,-1,79.27,0,0.0,0,0,0,0,0,0,0.0,0,9701,0.0,0,0,5.28,0.0,0,0,119,3.5,14.89,1.722,0.899,west_south_central_naturalgas,0.3,0,1.0,1.0,0.0,0,0,0.106666667,0.213333333,0,0,0,0,0,0.0,0,0.0,0.0,0.0,0.0,0.0,3.78,3.78,1,1,0,0,0,0,0,0,0.0,0.0,0.0,0,0.0,0.0,0,0,0,0,0,0,0,0,0.0,0.0,0.93,0.0,0.0,0.0,0.0,0.0,0,0,0,0,0,0,0,0,0,0,0,0,0,0,0,0,0,0,0,0,0,0,0,0,0,0.039,20,20,0,0,0
TRE_WEST,TRE_WEST_natural_gas_fired_combustion_turbine_2,Natural Gas Fired Combustion Turbine,2,40,3,0,1,0,0,0,0,0,0,0.0,0.0,0,0,0.0,336.0,0,2,336.0,0,168.0,0,0.0,0,0,0,0,0,0,0.0,0,9701,0.0,0,0,5.28,0.0,0,0,119,3.5,10.8,0.0,0.0,west_south_central_naturalgas,0.3,0,1.0,1.0,0.0,0,0,0.106666667,0.213333333,0,0,0,0,0,0.0,0,0.0,0.0,0.0,0.0,0.0,3.78,3.78,1,1,0,0,0,0,0,0,0.0,0.0,0.0,0,0.0,0.0,0,0,0,0,0,0,0,0,0.0,0.0,0.93,0.0,0.0,0.0,0.0,0.0,0,0,0,0,0,0,0,0,0,0,0,0,0,0,0,0,0,0,0,0,0,0,0,0,0,0.039,20,20,0,0,0
TRE_WEST,TRE_WEST_natural_gas_internal_combustion_engine_1,Natural Gas Internal Combustion Engine,1,41,3,0,1,0,0,0,0,0,0,0.0,0.0,0,0,0.0,9.1,0,20,9.1,-1,0.46,0,0.0,0,0,0,0,0,0,0.0,0,21000,0.0,0,0,4.2,0.0,0,0,38,0.0,8.16,0.0,0.0,west_south_central_naturalgas,0.18,0,1.0,1.0,0.0,0,0,0.106666667,0.213333333,0,0,0,0,0,0.0,0,0.0,0.0,0.0,0.0,0.0,3.78,3.78,1,1,0,0,0,0,0,0,0.0,0.0,0.0,0,0.0,0.0,0,0,0,0,0,0,0,0,0.0,0.0,0.93,0.0,0.0,0.0,0.0,0.0,0,0,0,0,0,0,0,0,0,0,0,0,0,0,0,0,0,0,0,0,0,0,0,0,0,0.039,20,20,0,0,0
TRE_WEST,TRE_WEST_natural_gas_steam_turbine_1,Natural Gas Steam Turbine,1,42,3,0,1,0,0,0,0,0,0,0.0,0.0,0,0,0.0,624.0,0,2,624.0,0,312.0,0,0.0,0,0,0,0,0,0,0.0,0,31200,0.0,0,0,1.06,0.0,0,0,87,13.7,11.98,0.0,0.0,west_south_central_naturalgas,0.5,0,1.0,1.0,0.0,0,0,0.63,1.26,0,0,0,0,0,0.0,0,0.0,0.0,0.0,0.0,0.0,0.64,0.64,6,6,0,0,0,0,0,0,0.0,0.0,0.0,0,0.0,0.0,0,0,0,0,0,0,0,0,0.0,0.0,0.93,0.0,0.0,0.0,0.0,0.0,0,0,0,0,0,0,0,0,0,0,0,0,0,0,0,0,0,0,0,0,0,0,0,0,0,0.039,20,20,0,0,0
TRE_WEST,TRE_WEST_onshore_wind_turbine_1,Onshore Wind Turbine,1,43,3,1,0,1,0,0,0,0,0,0.0,0.0,0,0,0.0,25996.2,0,141,25996.17,-1,184.37,0,0.0,0,0,0,0,0,0,0.0,0,43000,0.0,0,0,0.0,0.0,0,0,0,0.0,10.34,0.0,0.0,None,0.0,0,1.0,1.0,0.0,0,0,0.0,0.0,0,0,0,0,0,0.0,0,0.0,0.0,0.0,0.0,0.0,1.0,1.0,0,0,0,0,0,0,0,0,0.0,0.0,0.0,0,0.0,0.341900988,0,0,0,0,0,0,0,0,0.0,0.0,0.8,0.0,0.0,0.0,0.0,0.0,0,0,0,0,0,0,0,1,0,0,0,0,0,0,0,1,0,0,0,0,0,0,0,1,0,0.024,20,20,0,0,0
TRE_WEST,TRE_WEST_petroleum_liquids_1,Petroleum Liquids,1,44,3,0,1,0,0,0,0,0,0,0.0,0.0,0,0,0.0,58.9,0,93,58.869,-1,0.63,0,0.0,0,0,0,0,0,0,0.0,0,21000,0.0,0,0,4.74,0.0,0,0,38,0.0,9.21,0.0,0.0,west_south_central_distillate,0.18,0,1.0,1.0,0.0,0,0,0.0,0.0,0,0,0,0,0,0.0,0,0.0,0.0,0.0,0.0,0.0,3.78,3.78,1,1,0,0,0,0,0,0,0.0,0.0,0.0,0,0.0,0.0,0,0,0,0,0,0,0,0,0.0,0.0,0.93,0.0,0.0,0.0,0.0,0.0,0,0,0,0,0,0,0,0,0,0,0,0,0,0,0,0,0,0,0,0,0,0,0,0,0,0.039,20,20,0,0,0
TRE_WEST,TRE_WEST_solar_photovoltaic_1,Solar Photovoltaic,1,45,3,1,0,1,0,0,0,0,0,0.0,0.0,0,0,0.0,9871.6,0,56,9871.624,-1,176.28,0,0.0,0,0,0,0,0,0,0.0,0,22623,0.0,0,0,0.0,0.0,0,0,0,0.0,10.34,0.0,0.0,None,0.0,0,1.0,1.0,0.0,0,0,0.0,0.0,0,0,0,0,0,0.0,0,0.0,0.0,0.0,0.0,0.0,1.0,1.0,0,0,0,0,0,0,0,0,0.0,0.0,0.0,0,0.0,0.243740825,0,0,0,0,0,0,0,0,0.0,0.0,0.8,0.0,0.0,0.0,0.0,0.0,0,0,0,0,0,0,0,1,0,0,0,0,0,0,0,1,0,0,0,0,0,0,0,1,0,0.017,20,20,0,0,0
SPPS,SPPS_distributed_generation_1,distributed_generation,1,46,1,1,0,1,0,0,0,0,0,0.0,0.0,0,0,0.0,1620.0,0,0,0.0,-1,0.0,0,0.0,0,0,0,0,0,0,0.0,0,0,0.0,0,0,0.0,0.0,0,0,0,0.0,0.0,0.0,0.0,None,0.0,0,1.0,1.0,0.0,0,0,0.0,0.0,0,0,0,0,0,0.0,0,0.0,0.0,0.0,0.0,0.0,1.0,1.0,0,0,0,0,0,0,0,0,0.0,0.0,0.0,0,0.0,0.22702637,0,0,0,0,0,0,0,0,0.0,0.8,0.0,0.0,0.0,0.0,0.0,0.0,0,0,0,0,0,1,0,0,0,0,0,0,0,1,0,0,0,0,0,0,0,0,0,1,0,0.024,20,20,0,0,0
TRE,TRE_distributed_generation_1,distributed_generation,1,47,2,1,0,1,0,0,0,0,0,0.0,0.0,0,0,0.0,5518.0,0,0,0.0,-1,0.0,0,0.0,0,0,0,0,0,0,0.0,0,0,0.0,0,0,0.0,0.0,0,0,0,0.0,0.0,0.0,0.0,None,0.0,0,1.0,1.0,0.0,0,0,0.0,0.0,0,0,0,0,0,0.0,0,0.0,0.0,0.0,0.0,0.0,1.0,1.0,0,0,0,0,0,0,0,0,0.0,0.0,0.0,0,0.0,0.245017466,0,0,0,0,0,0,0,0,0.0,0.0,0.8,0.0,0.0,0.0,0.0,0.0,0,0,0,0,0,0,0,1,0,0,0,0,0,0,0,1,0,0,0,0,0,0,0,1,0,0.024,20,20,0,0,0
TRE_WEST,TRE_WEST_distributed_generation_1,distributed_generation,1,48,3,1,0,1,0,0,0,0,0,0.0,0.0,0,0,0.0,300.0,0,0,0.0,-1,0.0,0,0.0,0,0,0,0,0,0,0.0,0,0,0.0,0,0,0.0,0.0,0,0,0,0.0,0.0,0.0,0.0,None,0.0,0,1.0,1.0,0.0,0,0,0.0,0.0,0,0,0,0,0,0.0,0,0.0,0.0,0.0,0.0,0.0,1.0,1.0,0,0,0,0,0,0,0,0,0.0,0.0,0.0,0,0.0,0.24501758,0,0,0,0,0,0,0,0,0.0,0.0,0.8,0.0,0.0,0.0,0.0,0.0,0,0,0,0,0,0,0,1,0,0,0,0,0,0,0,1,0,0,0,0,0,0,0,1,0,0.024,20,20,0,0,0
SPPS,SPPS_naturalgas_ccccsavgcf_conservative_0,NaturalGas_CCCCSAvgCF_Conservative,0,49,1,0,1,0,0,0,0,0,0,0.0,0.0,0,0,0.0,0.0,0,0,0.0,1,500.0,0,-1.0,-1,0,0,0,0,0,2.32e6,125957,67475,0.0,0,0,10.11,0.0,0,0,106,0.0,7.16,0.0,0.0,west_south_central_naturalgas_ccs90,0.6,0,1.0,1.0,0.0,0,0,0.106666667,0.213333333,0,0,0,0,0,0.9,27,1469.015,17226.965,12.011,0.342,4.107,0.64,0.64,6,6,20,84440,0,0,0,0,0.0,0.0,0.945,30,0.036,0.0,0,0,0,0,0,0,0,0,0.0,0.93,0.0,0.0,0.0,0.0,0.0,0.0,0,0,0,0,0,0,0,0,0,0,0,0,0,1,0,0,0,0,0,0,0,0,0,0,0,0.039,20,20,0,0,0
SPPS,SPPS_naturalgas_ccavgcf_moderate_0,NaturalGas_CCAvgCF_Moderate,0,50,1,0,1,0,0,0,0,0,0,0.0,0.0,0,0,0.0,0.0,0,0,0.0,1,500.0,0,-1.0,-1,0,0,0,0,0,921903.184,48956,28000,0.0,0,0,2.0,0.0,0,0,106,2.0,6.36,0.0,0.0,west_south_central_naturalgas,0.3,0,1.0,1.0,0.0,0,0,0.0,0.0,0,0,0,0,0,0.0,0,0.0,0.0,0.0,0.0,0.0,0.64,0.64,6,6,10,42220,0,0,0,0,0.0,0.0,0.921,30,0.036,0.0,0,0,0,0,0,0,0,0,0.0,0.93,0.0,0.0,0.0,0.0,0.0,0.0,0,0,0,0,0,0,0,0,0,0,0,0,0,0,0,0,0,0,0,0,0,0,0,0,0,0.039,20,20,0,0,0
SPPS,SPPS_naturalgas_ctavgcf_moderate_0,NaturalGas_CTAvgCF_Moderate,0,51,1,0,1,0,0,0,0,0,0,0.0,0.0,0,0,0.0,0.0,0,0,0.0,1,100.0,0,-1.0,-1,0,0,0,0,0,792959.542,42383,21000,0.0,0,0,5.0,0.0,0,0,137,3.5,9.72,0.0,0.0,west_south_central_naturalgas,0.3,0,1.0,1.0,0.0,0,0,0.0,0.0,0,0,0,0,0,0.0,0,0.0,0.0,0.0,0.0,0.0,3.78,3.78,1,1,10,42220,0,0,0,0,0.0,0.0,0.921,30,0.036,0.0,0,0,0,0,0,0,0,0,0.0,0.93,0.0,0.0,0.0,0.0,0.0,0.0,0,0,0,0,0,0,0,0,0,0,0,0,0,0,0,0,0,0,0,0,0,0,0,0,0,0.039,20,20,0,0,0
SPPS,SPPS_battery_moderate_0,Battery_*_Moderate,0,52,1,0,0,0,0,1,0,0,0,0.0,0.0,0,0,0.0,0.0,0,0,0.0,1,1.0,0,-1.0,-1,0,0,0,0,0,255743.068,20367,6393,179357.704,14283,4483,0.0,0.0,0,0,0,0.0,0.0,0.0,0.0,None,0.0,0,0.92,0.92,0.0,1,10,0.0,0.0,0,0,0,0,0,0.0,0,0.0,0.0,0.0,0.0,0.0,1.0,1.0,0,0,0,0,0,0,0,0,0.0,0.0,0.995,15,0.024,0.0,0,0,0,0,0,0,0,0,0.0,0.95,0.0,0.0,0.0,0.0,0.0,0.0,0,0,0,0,0,0,0,0,0,0,0,0,0,0,0,0,0,0,0,0,0,0,0,0,0,0.027,20,20,0,0,0
SPPS,SPPS_nuclear_nuclear_moderate_0,Nuclear_Nuclear_Moderate,0,53,1,0,1,0,0,0,0,0,0,0.0,0.0,0,0,0.0,0.0,0,0,0.0,-1,2000.0,0,-1.0,-1,0,0,0,0,0,7.0e6,309122,145960,0.0,0,0,2.84,0.0,0,0,285,0.0,10.44,0.0,0.0,west_south_central_uranium,0.5,0,1.0,1.0,0.0,0,0,0.041666667,0.083333333,0,0,0,0,0,0.0,0,0.0,0.0,0.0,0.0,0.0,0.25,0.25,24,24,0,0,0,0,0,0,0.0,0.0,0.968,40,0.033,0.0,0,0,0,0,0,0,0,0,0.0,0.93,0.0,0.0,0.0,0.0,0.0,0.0,0,0,0,0,0,0,0,0,0,0,0,0,0,1,0,0,0,0,0,0,0,0,0,0,0,0.039,20,20,0,0,0
SPPS,SPPS_hydrogen_ctavgcf_moderate_0,Hydrogen_CTAvgCF_Moderate,0,54,1,0,1,0,0,0,0,0,0,0.0,0.0,0,0,0.0,0.0,0,0,0.0,1,100.0,0,-1.0,-1,0,0,0,0,0,872255.496,46417,21000,0.0,0,0,5.0,0.0,0,0,137,0.0,9.72,0.0,0.0,hydrogen,0.3,0,1.0,1.0,0.0,0,0,0.0,0.0,0,0,0,0,0,0.0,0,0.0,0.0,0.0,0.0,0.0,3.78,3.78,1,1,10,42220,0,0,0,0,0.0,0.0,0.921,30,0.036,0.0,0,0,0,0,0,0,0,0,0.0,0.93,0.0,0.0,0.0,0.0,0.0,0.0,0,0,0,0,0,0,0,0,0,0,0,0,0,1,0,0,0,0,0,0,0,0,0,0,0,0.039,20,20,0,0,0
SPPS,SPPS_hydrogen_ccavgcf_moderate_0,Hydrogen_CCAvgCF_Moderate,0,55,1,0,1,0,0,0,0,0,0,0.0,0.0,0,0,0.0,0.0,0,0,0.0,1,500.0,0,-1.0,-1,0,0,0,0,0,1.01e6,53647,28000,0.0,0,0,2.0,0.0,0,0,106,0.0,6.36,0.0,0.0,hydrogen,0.3,0,1.0,1.0,0.0,0,0,0.0,0.0,0,0,0,0,0,0.0,0,0.0,0.0,0.0,0.0,0.0,0.64,0.64,6,6,10,42220,0,0,0,0,0.0,0.0,0.921,30,0.036,0.0,0,0,0,0,0,0,0,0,0.0,0.93,0.0,0.0,0.0,0.0,0.0,0.0,0,0,0,0,0,0,0,0,0,0,0,0,0,1,0,0,0,0,0,0,0,0,0,0,0,0.039,20,20,0,0,0
SPPS,SPPS_landbasedwind_class3_moderate_0,LandbasedWind_Class3_Moderate_,0,56,1,1,0,1,0,0,0,0,0,0.0,0.0,0,0,0.0,0.0,0,0,0.0,1,1.0,0,144727.0,-1,0,0,0,0,0,1.06e6,68864,39760,0.0,0,0,0.0,0.0,0,0,0,0.0,0.0,0.0,0.0,None,0.0,0,1.0,1.0,0.0,0,0,0.0,0.0,0,0,0,0,0,0.0,0,0.0,0.0,0.0,0.0,0.0,1.0,1.0,0,0,0,0,0,0,0,0,18946.287,370445.852,0.955,30,0.027,0.491499662,0,0,0,0,0,0,0,0,0.0,0.8,0.0,0.0,0.0,0.0,0.0,0.0,0,0,0,0,0,1,0,0,0,0,0,0,0,1,0,0,0,0,0,0,0,0,0,1,0,0.024,20,20,0,0,0
SPPS,SPPS_landbasedwind_class3_moderate_1,LandbasedWind_Class3_Moderate_,1,57,1,1,0,1,0,0,0,0,0,0.0,0.0,0,0,0.0,0.0,0,0,0.0,1,1.0,0,53352.8,-1,0,0,0,0,0,1.06e6,71517,39760,0.0,0,0,0.0,0.0,0,0,0,0.0,0.0,0.0,0.0,None,0.0,0,1.0,1.0,0.0,0,0,0.0,0.0,0,0,0,0,0,0.0,0,0.0,0.0,0.0,0.0,0.0,1.0,1.0,0,0,0,0,0,0,0,0,21599.493,422322.469,0.955,30,0.027,0.438729584,0,0,0,0,0,0,0,0,0.0,0.8,0.0,0.0,0.0,0.0,0.0,0.0,0,0,0,0,0,1,0,0,0,0,0,0,0,1,0,0,0,0,0,0,0,0,0,1,0,0.024,20,20,0,0,0
SPPS,SPPS_landbasedwind_class3_moderate_2,LandbasedWind_Class3_Moderate_,2,58,1,1,0,1,0,0,0,0,0,0.0,0.0,0,0,0.0,0.0,0,0,0.0,1,1.0,0,3972.4,-1,0,0,0,0,0,1.06e6,69580,39760,0.0,0,0,0.0,0.0,0,0,0,0.0,0.0,0.0,0.0,None,0.0,0,1.0,1.0,0.0,0,0,0.0,0.0,0,0,0,0,0,0.0,0,0.0,0.0,0.0,0.0,0.0,1.0,1.0,0,0,0,0,0,0,0,0,19662.795,384455.323,0.955,30,0.027,0.341448963,0,0,0,0,0,0,0,0,0.0,0.8,0.0,0.0,0.0,0.0,0.0,0.0,0,0,0,0,0,1,0,0,0,0,0,0,0,1,0,0,0,0,0,0,0,0,0,1,0,0.024,20,20,0,0,0
SPPS,SPPS_landbasedwind_class3_moderate_3,LandbasedWind_Class3_Moderate_,3,59,1,1,0,1,0,0,0,0,0,0.0,0.0,0,0,0.0,0.0,0,0,0.0,1,1.0,0,5045.6,-1,0,0,0,0,0,1.06e6,80299,39760,0.0,0,0,0.0,0.0,0,0,0,0.0,0.0,0.0,0.0,None,0.0,0,1.0,1.0,0.0,0,0,0.0,0.0,0,0,0,0,0,0.0,0,0.0,0.0,0.0,0.0,0.0,1.0,1.0,0,0,0,0,0,0,0,0,30381.264,594027.387,0.955,30,0.027,0.401153773,0,0,0,0,0,0,0,0,0.0,0.8,0.0,0.0,0.0,0.0,0.0,0.0,0,0,0,0,0,1,0,0,0,0,0,0,0,1,0,0,0,0,0,0,0,0,0,1,0,0.024,20,20,0,0,0
SPPS,SPPS_landbasedwind_class3_moderate_4,LandbasedWind_Class3_Moderate_,4,60,1,1,0,1,0,0,0,0,0,0.0,0.0,0,0,0.0,0.0,0,0,0.0,1,1.0,0,207.3,-1,0,0,0,0,0,1.06e6,75137,39760,0.0,0,0,0.0,0.0,0,0,0,0.0,0.0,0.0,0.0,None,0.0,0,1.0,1.0,0.0,0,0,0.0,0.0,0,0,0,0,0,0.0,0,0.0,0.0,0.0,0.0,0.0,1.0,1.0,0,0,0,0,0,0,0,0,25219.415,493100.708,0.955,30,0.027,0.265809298,0,0,0,0,0,0,0,0,0.0,0.8,0.0,0.0,0.0,0.0,0.0,0.0,0,0,0,0,0,1,0,0,0,0,0,0,0,1,0,0,0,0,0,0,0,0,0,1,0,0.024,20,20,0,0,0
SPPS,SPPS_landbasedwind_class3_moderate_5,LandbasedWind_Class3_Moderate_,5,61,1,1,0,1,0,0,0,0,0,0.0,0.0,0,0,0.0,0.0,0,0,0.0,1,1.0,0,144.7,-1,0,0,0,0,0,1.06e6,74265,39760,0.0,0,0,0.0,0.0,0,0,0,0.0,0.0,0.0,0.0,None,0.0,0,1.0,1.0,0.0,0,0,0.0,0.0,0,0,0,0,0,0.0,0,0.0,0.0,0.0,0.0,0.0,1.0,1.0,0,0,0,0,0,0,0,0,24347.342,476049.562,0.955,30,0.027,0.235320851,0,0,0,0,0,0,0,0,0.0,0.8,0.0,0.0,0.0,0.0,0.0,0.0,0,0,0,0,0,1,0,0,0,0,0,0,0,1,0,0,0,0,0,0,0,0,0,1,0,0.024,20,20,0,0,0
SPPS,SPPS_utilitypv_class1_moderate_0,UtilityPV_Class1_Moderate_,0,62,1,1,0,1,0,0,0,0,0,0.0,0.0,0,0,0.0,0.0,0,0,0.0,1,1.0,0,293745.4,-1,0,0,0,0,0,845463.422,51588,16395,0.0,0,0,0.0,0.0,0,0,0,0.0,0.0,0.0,0.0,None,0.0,0,1.0,1.0,0.0,0,0,0.0,0.0,0,0,0,0,0,0.0,0,0.0,0.0,0.0,0.0,0.0,1.0,1.0,0,0,0,0,0,0,0,0,13878.504,271358.407,0.949,30,0.024,0.277351171,0,0,0,0,0,0,0,0,0.0,0.8,0.0,0.0,0.0,0.0,0.0,0.0,0,0,0,0,0,1,0,0,0,0,0,0,0,1,0,0,0,0,0,0,0,0,0,1,0,0.017,20,20,0,0,0
SPPS,SPPS_utilitypv_class1_moderate_1,UtilityPV_Class1_Moderate_,1,63,1,1,0,1,0,0,0,0,0,0.0,0.0,0,0,0.0,0.0,0,0,0.0,1,1.0,0,225639.1,-1,0,0,0,0,0,845463.422,46678,16395,0.0,0,0,0.0,0.0,0,0,0,0.0,0.0,0.0,0.0,None,0.0,0,1.0,1.0,0.0,0,0,0.0,0.0,0,0,0,0,0,0.0,0,0.0,0.0,0.0,0.0,0.0,1.0,1.0,0,0,0,0,0,0,0,0,8968.491,175355.74,0.949,30,0.024,0.266540289,0,0,0,0,0,0,0,0,0.0,0.8,0.0,0.0,0.0,0.0,0.0,0.0,0,0,0,0,0,1,0,0,0,0,0,0,0,1,0,0,0,0,0,0,0,0,0,1,0,0.017,20,20,0,0,0
SPPS,SPPS_utilitypv_class1_moderate_2,UtilityPV_Class1_Moderate_,2,64,1,1,0,1,0,0,0,0,0,0.0,0.0,0,0,0.0,0.0,0,0,0.0,1,1.0,0,223168.8,-1,0,0,0,0,0,845463.422,55361,16395,0.0,0,0,0.0,0.0,0,0,0,0.0,0.0,0.0,0.0,None,0.0,0,1.0,1.0,0.0,0,0,0.0,0.0,0,0,0,0,0,0.0,0,0.0,0.0,0.0,0.0,0.0,1.0,1.0,0,0,0,0,0,0,0,0,17651.88,345137.057,0.949,30,0.024,0.26756084,0,0,0,0,0,0,0,0,0.0,0.8,0.0,0.0,0.0,0.0,0.0,0.0,0,0,0,0,0,1,0,0,0,0,0,0,0,1,0,0,0,0,0,0,0,0,0,1,0,0.017,20,20,0,0,0
SPPS,SPPS_utilitypv_class1_moderate_3,UtilityPV_Class1_Moderate_,3,65,1,1,0,1,0,0,0,0,0,0.0,0.0,0,0,0.0,0.0,0,0,0.0,1,1.0,0,296086.6,-1,0,0,0,0,0,845463.422,58807,16395,0.0,0,0,0.0,0.0,0,0,0,0.0,0.0,0.0,0.0,None,0.0,0,1.0,1.0,0.0,0,0,0.0,0.0,0,0,0,0,0,0.0,0,0.0,0.0,0.0,0.0,0.0,1.0,1.0,0,0,0,0,0,0,0,0,21097.661,412510.435,0.949,30,0.024,0.279732734,0,0,0,0,0,0,0,0,0.0,0.8,0.0,0.0,0.0,0.0,0.0,0.0,0,0,0,0,0,1,0,0,0,0,0,0,0,1,0,0,0,0,0,0,0,0,0,1,0,0.017,20,20,0,0,0
SPPS,SPPS_utilitypv_class1_moderate_4,UtilityPV_Class1_Moderate_,4,66,1,1,0,1,0,0,0,0,0,0.0,0.0,0,0,0.0,0.0,0,0,0.0,1,1.0,0,410122.1,-1,0,0,0,0,0,845463.422,64066,16395,0.0,0,0,0.0,0.0,0,0,0,0.0,0.0,0.0,0.0,None,0.0,0,1.0,1.0,0.0,0,0,0.0,0.0,0,0,0,0,0,0.0,0,0.0,0.0,0.0,0.0,0.0,1.0,1.0,0,0,0,0,0,0,0,0,26356.511,515333.69,0.949,30,0.024,0.276112497,0,0,0,0,0,0,0,0,0.0,0.8,0.0,0.0,0.0,0.0,0.0,0.0,0,0,0,0,0,1,0,0,0,0,0,0,0,1,0,0,0,0,0,0,0,0,0,1,0,0.017,20,20,0,0,0
SPPS,SPPS_utilitypv_class1_moderate_5,UtilityPV_Class1_Moderate_,5,67,1,1,0,1,0,0,0,0,0,0.0,0.0,0,0,0.0,0.0,0,0,0.0,1,1.0,0,109093.8,-1,0,0,0,0,0,845463.422,62471,16395,0.0,0,0,0.0,0.0,0,0,0,0.0,0.0,0.0,0.0,None,0.0,0,1.0,1.0,0.0,0,0,0.0,0.0,0,0,0,0,0,0.0,0,0.0,0.0,0.0,0.0,0.0,1.0,1.0,0,0,0,0,0,0,0,0,24761.998,484157.109,0.949,30,0.024,0.261554897,0,0,0,0,0,0,0,0,0.0,0.8,0.0,0.0,0.0,0.0,0.0,0.0,0,0,0,0,0,1,0,0,0,0,0,0,0,1,0,0,0,0,0,0,0,0,0,1,0,0.017,20,20,0,0,0
TRE,TRE_naturalgas_ccccsavgcf_conservative_0,NaturalGas_CCCCSAvgCF_Conservative,0,68,2,0,1,0,0,0,0,0,0,0.0,0.0,0,0,0.0,0.0,0,0,0.0,1,500.0,0,-1.0,-1,0,0,0,0,0,2.32e6,125171,67475,0.0,0,0,10.11,0.0,0,0,106,0.0,7.16,0.0,0.0,west_south_central_naturalgas_ccs90,0.6,0,1.0,1.0,0.0,0,0,0.106666667,0.213333333,0,0,0,0,0,0.9,27,1469.015,17226.965,12.011,0.342,4.107,0.64,0.64,6,6,20,86660,0,0,0,0,0.0,0.0,0.938,30,0.036,0.0,0,0,0,0,0,0,0,0,0.0,0.0,0.93,0.0,0.0,0.0,0.0,0.0,0,0,0,0,0,0,0,0,0,0,0,0,0,0,0,1,0,0,0,0,0,0,0,0,0,0.039,20,20,0,0,0
TRE,TRE_naturalgas_ccavgcf_moderate_0,NaturalGas_CCAvgCF_Moderate,0,69,2,0,1,0,0,0,0,0,0,0.0,0.0,0,0,0.0,0.0,0,0,0.0,1,500.0,0,-1.0,-1,0,0,0,0,0,921903.184,47354,28000,0.0,0,0,2.0,0.0,0,0,106,2.0,6.36,0.0,0.0,west_south_central_naturalgas,0.3,0,1.0,1.0,0.0,0,0,0.0,0.0,0,0,0,0,0,0.0,0,0.0,0.0,0.0,0.0,0.0,0.64,0.64,6,6,10,43330,0,0,0,0,0.0,0.0,0.889,30,0.036,0.0,0,0,0,0,0,0,0,0,0.0,0.0,0.93,0.0,0.0,0.0,0.0,0.0,0,0,0,0,0,0,0,0,0,0,0,0,0,0,0,0,0,0,0,0,0,0,0,0,0,0.039,20,20,0,0,0
TRE,TRE_naturalgas_ctavgcf_moderate_0,NaturalGas_CTAvgCF_Moderate,0,70,2,0,1,0,0,0,0,0,0,0.0,0.0,0,0,0.0,0.0,0,0,0.0,1,100.0,0,-1.0,-1,0,0,0,0,0,792959.542,40709,21000,0.0,0,0,5.0,0.0,0,0,137,3.5,9.72,0.0,0.0,west_south_central_naturalgas,0.3,0,1.0,1.0,0.0,0,0,0.0,0.0,0,0,0,0,0,0.0,0,0.0,0.0,0.0,0.0,0.0,3.78,3.78,1,1,10,43330,0,0,0,0,0.0,0.0,0.882,30,0.036,0.0,0,0,0,0,0,0,0,0,0.0,0.0,0.93,0.0,0.0,0.0,0.0,0.0,0,0,0,0,0,0,0,0,0,0,0,0,0,0,0,0,0,0,0,0,0,0,0,0,0,0.039,20,20,0,0,0
TRE,TRE_battery_moderate_0,Battery_*_Moderate,0,71,2,0,0,0,0,1,0,0,0,0.0,0.0,0,0,0.0,0.0,0,0,0.0,1,1.0,0,-1.0,-1,0,0,0,0,0,255743.068,20470,6393,179357.704,14356,4483,0.0,0.0,0,0,0,0.0,0.0,0.0,0.0,None,0.0,0,0.92,0.92,0.0,1,10,0.0,0.0,0,0,0,0,0,0.0,0,0.0,0.0,0.0,0.0,0.0,1.0,1.0,0,0,0,0,0,0,0,0,0.0,0.0,1.0,15,0.024,0.0,0,0,0,0,0,0,0,0,0.0,0.0,0.95,0.0,0.0,0.0,0.0,0.0,0,0,0,0,0,0,0,0,0,0,0,0,0,0,0,0,0,0,0,0,0,0,0,0,0,0.027,20,20,0,0,0
TRE,TRE_nuclear_nuclear_moderate_0,Nuclear_Nuclear_Moderate,0,72,2,0,1,0,0,0,0,0,0,0.0,0.0,0,0,0.0,0.0,0,0,0.0,-1,2000.0,0,-1.0,-1,0,0,0,0,0,7.0e6,301389,145960,0.0,0,0,2.84,0.0,0,0,285,0.0,10.44,0.0,0.0,west_south_central_uranium,0.5,0,1.0,1.0,0.0,0,0,0.041666667,0.083333333,0,0,0,0,0,0.0,0,0.0,0.0,0.0,0.0,0.0,0.25,0.25,24,24,0,0,0,0,0,0,0.0,0.0,0.944,40,0.033,0.0,0,0,0,0,0,0,0,0,0.0,0.0,0.93,0.0,0.0,0.0,0.0,0.0,0,0,0,0,0,0,0,0,0,0,0,0,0,0,0,1,0,0,0,0,0,0,0,0,0,0.039,20,20,0,0,0
TRE,TRE_hydrogen_ctavgcf_moderate_0,Hydrogen_CTAvgCF_Moderate,0,73,2,0,1,0,0,0,0,0,0,0.0,0.0,0,0,0.0,0.0,0,0,0.0,1,100.0,0,-1.0,-1,0,0,0,0,0,872255.496,44570,21000,0.0,0,0,5.0,0.0,0,0,137,0.0,9.72,0.0,0.0,hydrogen,0.3,0,1.0,1.0,0.0,0,0,0.0,0.0,0,0,0,0,0,0.0,0,0.0,0.0,0.0,0.0,0.0,3.78,3.78,1,1,10,43330,0,0,0,0,0.0,0.0,0.882,30,0.036,0.0,0,0,0,0,0,0,0,0,0.0,0.0,0.93,0.0,0.0,0.0,0.0,0.0,0,0,0,0,0,0,0,0,0,0,0,0,0,0,0,1,0,0,0,0,0,0,0,0,0,0.039,20,20,0,0,0
TRE,TRE_hydrogen_ccavgcf_moderate_0,Hydrogen_CCAvgCF_Moderate,0,74,2,0,1,0,0,0,0,0,0,0.0,0.0,0,0,0.0,0.0,0,0,0.0,1,500.0,0,-1.0,-1,0,0,0,0,0,1.01e6,51880,28000,0.0,0,0,2.0,0.0,0,0,106,0.0,6.36,0.0,0.0,hydrogen,0.3,0,1.0,1.0,0.0,0,0,0.0,0.0,0,0,0,0,0,0.0,0,0.0,0.0,0.0,0.0,0.0,0.64,0.64,6,6,10,43330,0,0,0,0,0.0,0.0,0.889,30,0.036,0.0,0,0,0,0,0,0,0,0,0.0,0.0,0.93,0.0,0.0,0.0,0.0,0.0,0,0,0,0,0,0,0,0,0,0,0,0,0,0,0,1,0,0,0,0,0,0,0,0,0,0.039,20,20,0,0,0
TRE,TRE_landbasedwind_class3_moderate_0,LandbasedWind_Class3_Moderate_,0,75,2,1,0,1,0,0,0,0,0,0.0,0.0,0,0,0.0,0.0,0,0,0.0,1,1.0,0,103787.8,-1,0,0,0,0,0,1.06e6,66078,39760,0.0,0,0,0.0,0.0,0,0,0,0.0,0.0,0.0,0.0,None,0.0,0,1.0,1.0,0.0,0,0,0.0,0.0,0,0,0,0,0,0.0,0,0.0,0.0,0.0,0.0,0.0,1.0,1.0,0,0,0,0,0,0,0,0,17309.788,338448.324,0.933,30,0.027,0.412939012,0,0,0,0,0,0,0,0,0.0,0.0,0.8,0.0,0.0,0.0,0.0,0.0,0,0,0,0,0,0,0,1,0,0,0,0,0,0,0,1,0,0,0,0,0,0,0,1,0,0.024,20,20,0,0,0
TRE,TRE_landbasedwind_class3_moderate_1,LandbasedWind_Class3_Moderate_,1,76,2,1,0,1,0,0,0,0,0,0.0,0.0,0,0,0.0,0.0,0,0,0.0,1,1.0,0,62467.2,-1,0,0,0,0,0,1.06e6,70052,39760,0.0,0,0,0.0,0.0,0,0,0,0.0,0.0,0.0,0.0,None,0.0,0,1.0,1.0,0.0,0,0,0.0,0.0,0,0,0,0,0,0.0,0,0.0,0.0,0.0,0.0,0.0,1.0,1.0,0,0,0,0,0,0,0,0,21283.48,416143.634,0.933,30,0.027,0.487616986,0,0,0,0,0,0,0,0,0.0,0.0,0.8,0.0,0.0,0.0,0.0,0.0,0,0,0,0,0,0,0,1,0,0,0,0,0,0,0,1,0,0,0,0,0,0,0,1,0,0.024,20,20,0,0,0
TRE,TRE_landbasedwind_class3_moderate_2,LandbasedWind_Class3_Moderate_,2,77,2,1,0,1,0,0,0,0,0,0.0,0.0,0,0,0.0,0.0,0,0,0.0,1,1.0,0,33331.2,-1,0,0,0,0,0,1.06e6,69189,39760,0.0,0,0,0.0,0.0,0,0,0,0.0,0.0,0.0,0.0,None,0.0,0,1.0,1.0,0.0,0,0,0.0,0.0,0,0,0,0,0,0.0,0,0.0,0.0,0.0,0.0,0.0,1.0,1.0,0,0,0,0,0,0,0,0,20420.367,395699.563,0.933,30,0.027,0.366337419,0,0,0,0,0,0,0,0,0.0,0.0,0.8,0.0,0.0,0.0,0.0,0.0,0,0,0,0,0,0,0,1,0,0,0,0,0,0,0,1,0,0,0,0,0,0,0,1,0,0.024,20,20,0,0,0
TRE,TRE_landbasedwind_class3_moderate_3,LandbasedWind_Class3_Moderate_,3,78,2,1,0,1,0,0,0,0,0,0.0,0.0,0,0,0.0,0.0,0,0,0.0,1,1.0,0,8931.4,-1,0,0,0,0,0,1.06e6,66040,39760,0.0,0,0,0.0,0.0,0,0,0,0.0,0.0,0.0,0.0,None,0.0,0,1.0,1.0,0.0,0,0,0.0,0.0,0,0,0,0,0,0.0,0,0.0,0.0,0.0,0.0,0.0,1.0,1.0,0,0,0,0,0,0,0,0,17271.812,337705.807,0.933,30,0.027,0.327661365,0,0,0,0,0,0,0,0,0.0,0.0,0.8,0.0,0.0,0.0,0.0,0.0,0,0,0,0,0,0,0,1,0,0,0,0,0,0,0,1,0,0,0,0,0,0,0,1,0,0.024,20,20,0,0,0
TRE,TRE_landbasedwind_class3_moderate_4,LandbasedWind_Class3_Moderate_,4,79,2,1,0,1,0,0,0,0,0,0.0,0.0,0,0,0.0,0.0,0,0,0.0,1,1.0,0,7314.6,-1,0,0,0,0,0,1.06e6,195478,39760,0.0,0,0,0.0,0.0,0,0,0,0.0,0.0,0.0,0.0,None,0.0,0,1.0,1.0,0.0,0,0,0.0,0.0,0,0,0,0,0,0.0,0,0.0,0.0,0.0,0.0,0.0,1.0,1.0,0,0,0,0,0,0,0,0,146709.664,660605.215,0.933,30,0.027,0.472687483,0,0,0,0,0,0,0,0,0.0,0.0,0.8,0.0,0.0,0.0,0.0,0.0,0,0,0,0,0,0,0,1,0,0,0,0,0,0,0,1,0,0,0,0,0,0,0,1,0,0.024,20,20,0,0,0
TRE,TRE_landbasedwind_class3_moderate_5,LandbasedWind_Class3_Moderate_,5,80,2,1,0,1,0,0,0,0,0,0.0,0.0,0,0,0.0,0.0,0,0,0.0,1,1.0,0,507.1,-1,0,0,0,0,0,1.06e6,73566,39760,0.0,0,0,0.0,0.0,0,0,0,0.0,0.0,0.0,0.0,None,0.0,0,1.0,1.0,0.0,0,0,0.0,0.0,0,0,0,0,0,0.0,0,0.0,0.0,0.0,0.0,0.0,1.0,1.0,0,0,0,0,0,0,0,0,24797.373,484848.766,0.933,30,0.027,0.272578508,0,0,0,0,0,0,0,0,0.0,0.0,0.8,0.0,0.0,0.0,0.0,0.0,0,0,0,0,0,0,0,1,0,0,0,0,0,0,0,1,0,0,0,0,0,0,0,1,0,0.024,20,20,0,0,0
TRE,TRE_utilitypv_class1_moderate_0,UtilityPV_Class1_Moderate_,0,81,2,1,0,1,0,0,0,0,0,0.0,0.0,0,0,0.0,0.0,0,0,0.0,1,1.0,0,461480.9,-1,0,0,0,0,0,845463.422,49185,16395,0.0,0,0,0.0,0.0,0,0,0,0.0,0.0,0.0,0.0,None,0.0,0,1.0,1.0,0.0,0,0,0.0,0.0,0,0,0,0,0,0.0,0,0.0,0.0,0.0,0.0,0.0,1.0,1.0,0,0,0,0,0,0,0,0,10699.714,209205.358,0.968,30,0.024,0.261096686,0,0,0,0,0,0,0,0,0.0,0.0,0.8,0.0,0.0,0.0,0.0,0.0,0,0,0,0,0,0,0,1,0,0,0,0,0,0,0,1,0,0,0,0,0,0,0,1,0,0.017,20,20,0,0,0
TRE,TRE_utilitypv_class1_moderate_1,UtilityPV_Class1_Moderate_,1,82,2,1,0,1,0,0,0,0,0,0.0,0.0,0,0,0.0,0.0,0,0,0.0,1,1.0,0,255154.8,-1,0,0,0,0,0,845463.422,46630,16395,0.0,0,0,0.0,0.0,0,0,0,0.0,0.0,0.0,0.0,None,0.0,0,1.0,1.0,0.0,0,0,0.0,0.0,0,0,0,0,0,0.0,0,0.0,0.0,0.0,0.0,0.0,1.0,1.0,0,0,0,0,0,0,0,0,8144.437,159243.487,0.968,30,0.024,0.250600219,0,0,0,0,0,0,0,0,0.0,0.0,0.8,0.0,0.0,0.0,0.0,0.0,0,0,0,0,0,0,0,1,0,0,0,0,0,0,0,1,0,0,0,0,0,0,0,1,0,0.017,20,20,0,0,0
TRE,TRE_utilitypv_class1_moderate_2,UtilityPV_Class1_Moderate_,2,83,2,1,0,1,0,0,0,0,0,0.0,0.0,0,0,0.0,0.0,0,0,0.0,1,1.0,0,456600.6,-1,0,0,0,0,0,845463.422,53308,16395,0.0,0,0,0.0,0.0,0,0,0,0.0,0.0,0.0,0.0,None,0.0,0,1.0,1.0,0.0,0,0,0.0,0.0,0,0,0,0,0,0.0,0,0.0,0.0,0.0,0.0,0.0,1.0,1.0,0,0,0,0,0,0,0,0,14822.074,289807.484,0.968,30,0.024,0.253527611,0,0,0,0,0,0,0,0,0.0,0.0,0.8,0.0,0.0,0.0,0.0,0.0,0,0,0,0,0,0,0,1,0,0,0,0,0,0,0,1,0,0,0,0,0,0,0,1,0,0.017,20,20,0,0,0
TRE,TRE_utilitypv_class1_moderate_3,UtilityPV_Class1_Moderate_,3,84,2,1,0,1,0,0,0,0,0,0.0,0.0,0,0,0.0,0.0,0,0,0.0,1,1.0,0,259795.6,-1,0,0,0,0,0,845463.422,57692,16395,0.0,0,0,0.0,0.0,0,0,0,0.0,0.0,0.0,0.0,None,0.0,0,1.0,1.0,0.0,0,0,0.0,0.0,0,0,0,0,0,0.0,0,0.0,0.0,0.0,0.0,0.0,1.0,1.0,0,0,0,0,0,0,0,0,19206.805,375539.604,0.968,30,0.024,0.267133951,0,0,0,0,0,0,0,0,0.0,0.0,0.8,0.0,0.0,0.0,0.0,0.0,0,0,0,0,0,0,0,1,0,0,0,0,0,0,0,1,0,0,0,0,0,0,0,1,0,0.017,20,20,0,0,0
TRE,TRE_utilitypv_class1_moderate_4,UtilityPV_Class1_Moderate_,4,85,2,1,0,1,0,0,0,0,0,0.0,0.0,0,0,0.0,0.0,0,0,0.0,1,1.0,0,503771.3,-1,0,0,0,0,0,845463.422,63215,16395,0.0,0,0,0.0,0.0,0,0,0,0.0,0.0,0.0,0.0,None,0.0,0,1.0,1.0,0.0,0,0,0.0,0.0,0,0,0,0,0,0.0,0,0.0,0.0,0.0,0.0,0.0,1.0,1.0,0,0,0,0,0,0,0,0,24729.994,483531.341,0.968,30,0.024,0.252699792,0,0,0,0,0,0,0,0,0.0,0.0,0.8,0.0,0.0,0.0,0.0,0.0,0,0,0,0,0,0,0,1,0,0,0,0,0,0,0,1,0,0,0,0,0,0,0,1,0,0.017,20,20,0,0,0
TRE,TRE_utilitypv_class1_moderate_5,UtilityPV_Class1_Moderate_,5,86,2,1,0,1,0,0,0,0,0,0.0,0.0,0,0,0.0,0.0,0,0,0.0,1,1.0,0,212691.5,-1,0,0,0,0,0,845463.422,63633,16395,0.0,0,0,0.0,0.0,0,0,0,0.0,0.0,0.0,0.0,None,0.0,0,1.0,1.0,0.0,0,0,0.0,0.0,0,0,0,0,0,0.0,0,0.0,0.0,0.0,0.0,0.0,1.0,1.0,0,0,0,0,0,0,0,0,25147.789,491700.252,0.968,30,0.024,0.268571883,0,0,0,0,0,0,0,0,0.0,0.0,0.8,0.0,0.0,0.0,0.0,0.0,0,0,0,0,0,0,0,1,0,0,0,0,0,0,0,1,0,0,0,0,0,0,0,1,0,0.017,20,20,0,0,0
TRE,TRE_offshorewind_class3_moderate_fixed_0_1,OffShoreWind_Class3_Moderate_fixed_0,1,87,2,1,0,1,0,0,0,0,0,0.0,0.0,0,0,0.0,0.0,0,0,0.0,1,1.0,0,39038.8,-1,0,0,0,0,0,2.75e6,207392,89322,0.0,0,0,0.0,0.0,0,0,0,0.0,0.0,0.0,0.0,None,0.0,0,1.0,1.0,0.0,0,0,0.0,0.0,0,0,0,0,0,0.0,0,0.0,0.0,0.0,0.0,0.0,1.0,1.0,0,0,0,0,0,0,0,0,46027.074,899940.906,0.977,30,0.042,0.355146468,0,0,0,0,0,0,0,0,0.0,0.0,0.8,0.0,0.0,0.0,0.0,0.0,0,0,0,0,0,0,0,1,0,0,0,0,0,0,0,1,0,0,0,0,0,0,0,1,0,0.024,20,20,0,0,0
TRE,TRE_offshorewind_class3_moderate_fixed_0_2,OffShoreWind_Class3_Moderate_fixed_0,2,88,2,1,0,1,0,0,0,0,0,0.0,0.0,0,0,0.0,0.0,0,0,0.0,1,1.0,0,38886.2,-1,0,0,0,0,0,2.75e6,220863,89322,0.0,0,0,0.0,0.0,0,0,0,0.0,0.0,0.0,0.0,None,0.0,0,1.0,1.0,0.0,0,0,0.0,0.0,0,0,0,0,0,0.0,0,0.0,0.0,0.0,0.0,0.0,1.0,1.0,0,0,0,0,0,0,0,0,59498.555,1.16e6,0.977,30,0.042,0.373117626,0,0,0,0,0,0,0,0,0.0,0.0,0.8,0.0,0.0,0.0,0.0,0.0,0,0,0,0,0,0,0,1,0,0,0,0,0,0,0,1,0,0,0,0,0,0,0,1,0,0.024,20,20,0,0,0
TRE,TRE_offshorewind_class12_moderate_floating_0_1,OffShoreWind_Class12_Moderate_floating_0,1,89,2,1,0,1,0,0,0,0,0,0.0,0.0,0,0,0.0,0.0,0,0,0.0,1,1.0,0,32788.0,-1,0,0,0,0,0,4.37e6,322690,77525,0.0,0,0,0.0,0.0,0,0,0,0.0,0.0,0.0,0.0,None,0.0,0,1.0,1.0,0.0,0,0,0.0,0.0,0,0,0,0,0,0.0,0,0.0,0.0,0.0,0.0,0.0,1.0,1.0,0,0,0,0,0,0,0,0,66308.938,1.3e6,0.977,30,0.042,0.385680765,0,0,0,0,0,0,0,0,0.0,0.0,0.8,0.0,0.0,0.0,0.0,0.0,0,0,0,0,0,0,0,1,0,0,0,0,0,0,0,1,0,0,0,0,0,0,0,1,0,0.024,20,20,0,0,0
TRE,TRE_offshorewind_class12_moderate_floating_0_2,OffShoreWind_Class12_Moderate_floating_0,2,90,2,1,0,1,0,0,0,0,0,0.0,0.0,0,0,0.0,0.0,0,0,0.0,1,1.0,0,32770.0,-1,0,0,0,0,0,4.37e6,330932,77525,0.0,0,0,0.0,0.0,0,0,0,0.0,0.0,0.0,0.0,None,0.0,0,1.0,1.0,0.0,0,0,0.0,0.0,0,0,0,0,0,0.0,0,0.0,0.0,0.0,0.0,0.0,1.0,1.0,0,0,0,0,0,0,0,0,74550.75,1.46e6,0.977,30,0.042,0.399994105,0,0,0,0,0,0,0,0,0.0,0.0,0.8,0.0,0.0,0.0,0.0,0.0,0,0,0,0,0,0,0,1,0,0,0,0,0,0,0,1,0,0,0,0,0,0,0,1,0,0.024,20,20,0,0,0
TRE_WEST,TRE_WEST_naturalgas_ccccsavgcf_conservative_0,NaturalGas_CCCCSAvgCF_Conservative,0,91,3,0,1,0,0,0,0,0,0,0.0,0.0,0,0,0.0,0.0,0,0,0.0,1,500.0,0,-1.0,-1,0,0,0,0,0,2.32e6,120974,67475,0.0,0,0,12.78,0.0,0,0,106,0.0,7.16,0.0,0.0,west_south_central_naturalgas_ccs90,0.6,0,1.0,1.0,0.0,0,0,0.106666667,0.213333333,0,0,0,0,0,0.9,27,1469.015,17226.965,19.839,0.342,6.783,0.64,0.64,6,6,0,0,0,0,0,0,0.0,0.0,0.938,30,0.036,0.0,0,0,0,0,0,0,0,0,0.0,0.0,0.93,0.0,0.0,0.0,0.0,0.0,0,0,0,0,0,0,0,0,0,0,0,0,0,0,0,1,0,0,0,0,0,0,0,0,0,0.039,20,20,0,0,0
TRE_WEST,TRE_WEST_naturalgas_ccavgcf_moderate_0,NaturalGas_CCAvgCF_Moderate,0,92,3,0,1,0,0,0,0,0,0,0.0,0.0,0,0,0.0,0.0,0,0,0.0,1,500.0,0,-1.0,-1,0,0,0,0,0,921903.184,45256,28000,0.0,0,0,2.0,0.0,0,0,106,2.0,6.36,0.0,0.0,west_south_central_naturalgas,0.3,0,1.0,1.0,0.0,0,0,0.0,0.0,0,0,0,0,0,0.0,0,0.0,0.0,0.0,0.0,0.0,0.64,0.64,6,6,0,0,0,0,0,0,0.0,0.0,0.889,30,0.036,0.0,0,0,0,0,0,0,0,0,0.0,0.0,0.93,0.0,0.0,0.0,0.0,0.0,0,0,0,0,0,0,0,0,0,0,0,0,0,0,0,0,0,0,0,0,0,0,0,0,0,0.039,20,20,0,0,0
TRE_WEST,TRE_WEST_naturalgas_ctavgcf_moderate_0,NaturalGas_CTAvgCF_Moderate,0,93,3,0,1,0,0,0,0,0,0,0.0,0.0,0,0,0.0,0.0,0,0,0.0,1,100.0,0,-1.0,-1,0,0,0,0,0,792959.542,38611,21000,0.0,0,0,5.0,0.0,0,0,137,3.5,9.72,0.0,0.0,west_south_central_naturalgas,0.3,0,1.0,1.0,0.0,0,0,0.0,0.0,0,0,0,0,0,0.0,0,0.0,0.0,0.0,0.0,0.0,3.78,3.78,1,1,0,0,0,0,0,0,0.0,0.0,0.882,30,0.036,0.0,0,0,0,0,0,0,0,0,0.0,0.0,0.93,0.0,0.0,0.0,0.0,0.0,0,0,0,0,0,0,0,0,0,0,0,0,0,0,0,0,0,0,0,0,0,0,0,0,0,0.039,20,20,0,0,0
TRE_WEST,TRE_WEST_battery_moderate_0,Battery_*_Moderate,0,94,3,0,0,0,0,1,0,0,0,0.0,0.0,0,0,0.0,0.0,0,0,0.0,1,1.0,0,-1.0,-1,0,0,0,0,0,255743.068,20470,6393,179357.704,14356,4483,0.0,0.0,0,0,0,0.0,0.0,0.0,0.0,None,0.0,0,0.92,0.92,0.0,1,10,0.0,0.0,0,0,0,0,0,0.0,0,0.0,0.0,0.0,0.0,0.0,1.0,1.0,0,0,0,0,0,0,0,0,0.0,0.0,1.0,15,0.024,0.0,0,0,0,0,0,0,0,0,0.0,0.0,0.95,0.0,0.0,0.0,0.0,0.0,0,0,0,0,0,0,0,0,0,0,0,0,0,0,0,0,0,0,0,0,0,0,0,0,0,0.027,20,20,0,0,0
TRE_WEST,TRE_WEST_nuclear_nuclear_moderate_0,Nuclear_Nuclear_Moderate,0,95,3,0,1,0,0,0,0,0,0,0.0,0.0,0,0,0.0,0.0,0,0,0.0,-1,2000.0,0,-1.0,-1,0,0,0,0,0,7.0e6,301389,145960,0.0,0,0,2.84,0.0,0,0,285,0.0,10.44,0.0,0.0,west_south_central_uranium,0.5,0,1.0,1.0,0.0,0,0,0.041666667,0.083333333,0,0,0,0,0,0.0,0,0.0,0.0,0.0,0.0,0.0,0.25,0.25,24,24,0,0,0,0,0,0,0.0,0.0,0.944,40,0.033,0.0,0,0,0,0,0,0,0,0,0.0,0.0,0.93,0.0,0.0,0.0,0.0,0.0,0,0,0,0,0,0,0,0,0,0,0,0,0,0,0,1,0,0,0,0,0,0,0,0,0,0.039,20,20,0,0,0
TRE_WEST,TRE_WEST_hydrogen_ctavgcf_moderate_0,Hydrogen_CTAvgCF_Moderate,0,96,3,0,1,0,0,0,0,0,0,0.0,0.0,0,0,0.0,0.0,0,0,0.0,1,100.0,0,-1.0,-1,0,0,0,0,0,872255.496,42472,21000,0.0,0,0,5.0,0.0,0,0,137,0.0,9.72,0.0,0.0,hydrogen,0.3,0,1.0,1.0,0.0,0,0,0.0,0.0,0,0,0,0,0,0.0,0,0.0,0.0,0.0,0.0,0.0,3.78,3.78,1,1,0,0,0,0,0,0,0.0,0.0,0.882,30,0.036,0.0,0,0,0,0,0,0,0,0,0.0,0.0,0.93,0.0,0.0,0.0,0.0,0.0,0,0,0,0,0,0,0,0,0,0,0,0,0,0,0,1,0,0,0,0,0,0,0,0,0,0.039,20,20,0,0,0
TRE_WEST,TRE_WEST_hydrogen_ccavgcf_moderate_0,Hydrogen_CCAvgCF_Moderate,0,97,3,0,1,0,0,0,0,0,0,0.0,0.0,0,0,0.0,0.0,0,0,0.0,1,500.0,0,-1.0,-1,0,0,0,0,0,1.01e6,49782,28000,0.0,0,0,2.0,0.0,0,0,106,0.0,6.36,0.0,0.0,hydrogen,0.3,0,1.0,1.0,0.0,0,0,0.0,0.0,0,0,0,0,0,0.0,0,0.0,0.0,0.0,0.0,0.0,0.64,0.64,6,6,0,0,0,0,0,0,0.0,0.0,0.889,30,0.036,0.0,0,0,0,0,0,0,0,0,0.0,0.0,0.93,0.0,0.0,0.0,0.0,0.0,0,0,0,0,0,0,0,0,0,0,0,0,0,0,0,1,0,0,0,0,0,0,0,0,0,0.039,20,20,0,0,0
TRE_WEST,TRE_WEST_landbasedwind_class3_moderate_0,LandbasedWind_Class3_Moderate_,0,98,3,1,0,1,0,0,0,0,0,0.0,0.0,0,0,0.0,0.0,0,0,0.0,1,1.0,0,145968.2,-1,0,0,0,0,0,1.06e6,65487,39760,0.0,0,0,0.0,0.0,0,0,0,0.0,0.0,0.0,0.0,None,0.0,0,1.0,1.0,0.0,0,0,0.0,0.0,0,0,0,0,0,0.0,0,0.0,0.0,0.0,0.0,0.0,1.0,1.0,0,0,0,0,0,0,0,0,16718.212,326881.58,0.933,30,0.027,0.439274877,0,0,0,0,0,0,0,0,0.0,0.0,0.8,0.0,0.0,0.0,0.0,0.0,0,0,0,0,0,0,0,1,0,0,0,0,0,0,0,1,0,0,0,0,0,0,0,1,0,0.024,20,20,0,0,0
TRE_WEST,TRE_WEST_landbasedwind_class3_moderate_1,LandbasedWind_Class3_Moderate_,1,99,3,1,0,1,0,0,0,0,0,0.0,0.0,0,0,0.0,0.0,0,0,0.0,1,1.0,0,66721.6,-1,0,0,0,0,0,1.06e6,67177,39760,0.0,0,0,0.0,0.0,0,0,0,0.0,0.0,0.0,0.0,None,0.0,0,1.0,1.0,0.0,0,0,0.0,0.0,0,0,0,0,0,0.0,0,0.0,0.0,0.0,0.0,0.0,1.0,1.0,0,0,0,0,0,0,0,0,18408.819,359937.043,0.933,30,0.027,0.503573895,0,0,0,0,0,0,0,0,0.0,0.0,0.8,0.0,0.0,0.0,0.0,0.0,0,0,0,0,0,0,0,1,0,0,0,0,0,0,0,1,0,0,0,0,0,0,0,1,0,0.024,20,20,0,0,0
TRE_WEST,TRE_WEST_landbasedwind_class3_moderate_2,LandbasedWind_Class3_Moderate_,2,100,3,1,0,1,0,0,0,0,0,0.0,0.0,0,0,0.0,0.0,0,0,0.0,1,1.0,0,33340.8,-1,0,0,0,0,0,1.06e6,70073,39760,0.0,0,0,0.0,0.0,0,0,0,0.0,0.0,0.0,0.0,None,0.0,0,1.0,1.0,0.0,0,0,0.0,0.0,0,0,0,0,0,0.0,0,0.0,0.0,0.0,0.0,0.0,1.0,1.0,0,0,0,0,0,0,0,0,21304.552,416555.647,0.933,30,0.027,0.362093747,0,0,0,0,0,0,0,0,0.0,0.0,0.8,0.0,0.0,0.0,0.0,0.0,0,0,0,0,0,0,0,1,0,0,0,0,0,0,0,1,0,0,0,0,0,0,0,1,0,0.024,20,20,0,0,0
TRE_WEST,TRE_WEST_landbasedwind_class3_moderate_3,LandbasedWind_Class3_Moderate_,3,101,3,1,0,1,0,0,0,0,0,0.0,0.0,0,0,0.0,0.0,0,0,0.0,1,1.0,0,25624.2,-1,0,0,0,0,0,1.06e6,70335,39760,0.0,0,0,0.0,0.0,0,0,0,0.0,0.0,0.0,0.0,None,0.0,0,1.0,1.0,0.0,0,0,0.0,0.0,0,0,0,0,0,0.0,0,0.0,0.0,0.0,0.0,0.0,1.0,1.0,0,0,0,0,0,0,0,0,21566.02,421667.979,0.933,30,0.027,0.31471312,0,0,0,0,0,0,0,0,0.0,0.0,0.8,0.0,0.0,0.0,0.0,0.0,0,0,0,0,0,0,0,1,0,0,0,0,0,0,0,1,0,0,0,0,0,0,0,1,0,0.024,20,20,0,0,0
TRE_WEST,TRE_WEST_landbasedwind_class3_moderate_4,LandbasedWind_Class3_Moderate_,4,102,3,1,0,1,0,0,0,0,0,0.0,0.0,0,0,0.0,0.0,0,0,0.0,1,1.0,0,91098.7,-1,0,0,0,0,0,1.06e6,214400,39760,0.0,0,0,0.0,0.0,0,0,0,0.0,0.0,0.0,0.0,None,0.0,0,1.0,1.0,0.0,0,0,0.0,0.0,0,0,0,0,0,0.0,0,0.0,0.0,0.0,0.0,0.0,1.0,1.0,0,0,0,0,0,0,0,0,165631.983,715087.191,0.933,30,0.027,0.47491315,0,0,0,0,0,0,0,0,0.0,0.0,0.8,0.0,0.0,0.0,0.0,0.0,0,0,0,0,0,0,0,1,0,0,0,0,0,0,0,1,0,0,0,0,0,0,0,1,0,0.024,20,20,0,0,0
TRE_WEST,TRE_WEST_landbasedwind_class3_moderate_5,LandbasedWind_Class3_Moderate_,5,103,3,1,0,1,0,0,0,0,0,0.0,0.0,0,0,0.0,0.0,0,0,0.0,1,1.0,0,7656.9,-1,0,0,0,0,0,1.06e6,74963,39760,0.0,0,0,0.0,0.0,0,0,0,0.0,0.0,0.0,0.0,None,0.0,0,1.0,1.0,0.0,0,0,0.0,0.0,0,0,0,0,0,0.0,0,0.0,0.0,0.0,0.0,0.0,1.0,1.0,0,0,0,0,0,0,0,0,26194.5,512165.984,0.933,30,0.027,0.270671755,0,0,0,0,0,0,0,0,0.0,0.0,0.8,0.0,0.0,0.0,0.0,0.0,0,0,0,0,0,0,0,1,0,0,0,0,0,0,0,1,0,0,0,0,0,0,0,1,0,0.024,20,20,0,0,0
TRE_WEST,TRE_WEST_utilitypv_class1_moderate_0,UtilityPV_Class1_Moderate_,0,104,3,1,0,1,0,0,0,0,0,0.0,0.0,0,0,0.0,0.0,0,0,0.0,1,1.0,0,395621.8,-1,0,0,0,0,0,845463.422,48474,16395,0.0,0,0,0.0,0.0,0,0,0,0.0,0.0,0.0,0.0,None,0.0,0,1.0,1.0,0.0,0,0,0.0,0.0,0,0,0,0,0,0.0,0,0.0,0.0,0.0,0.0,0.0,1.0,1.0,0,0,0,0,0,0,0,0,9988.464,195298.694,0.968,30,0.024,0.284356892,0,0,0,0,0,0,0,0,0.0,0.0,0.8,0.0,0.0,0.0,0.0,0.0,0,0,0,0,0,0,0,1,0,0,0,0,0,0,0,1,0,0,0,0,0,0,0,1,0,0.017,20,20,0,0,0
TRE_WEST,TRE_WEST_utilitypv_class1_moderate_1,UtilityPV_Class1_Moderate_,1,105,3,1,0,1,0,0,0,0,0,0.0,0.0,0,0,0.0,0.0,0,0,0.0,1,1.0,0,176497.7,-1,0,0,0,0,0,845463.422,52836,16395,0.0,0,0,0.0,0.0,0,0,0,0.0,0.0,0.0,0.0,None,0.0,0,1.0,1.0,0.0,0,0,0.0,0.0,0,0,0,0,0,0.0,0,0.0,0.0,0.0,0.0,0.0,1.0,1.0,0,0,0,0,0,0,0,0,14350.05,280578.279,0.968,30,0.024,0.293134123,0,0,0,0,0,0,0,0,0.0,0.0,0.8,0.0,0.0,0.0,0.0,0.0,0,0,0,0,0,0,0,1,0,0,0,0,0,0,0,1,0,0,0,0,0,0,0,1,0,0.017,20,20,0,0,0
TRE_WEST,TRE_WEST_utilitypv_class1_moderate_2,UtilityPV_Class1_Moderate_,2,106,3,1,0,1,0,0,0,0,0,0.0,0.0,0,0,0.0,0.0,0,0,0.0,1,1.0,0,363476.3,-1,0,0,0,0,0,845463.422,58902,16395,0.0,0,0,0.0,0.0,0,0,0,0.0,0.0,0.0,0.0,None,0.0,0,1.0,1.0,0.0,0,0,0.0,0.0,0,0,0,0,0,0.0,0,0.0,0.0,0.0,0.0,0.0,1.0,1.0,0,0,0,0,0,0,0,0,20416.555,399193.149,0.968,30,0.024,0.290849626,0,0,0,0,0,0,0,0,0.0,0.0,0.8,0.0,0.0,0.0,0.0,0.0,0,0,0,0,0,0,0,1,0,0,0,0,0,0,0,1,0,0,0,0,0,0,0,1,0,0.017,20,20,0,0,0
TRE_WEST,TRE_WEST_utilitypv_class1_moderate_3,UtilityPV_Class1_Moderate_,3,107,3,1,0,1,0,0,0,0,0,0.0,0.0,0,0,0.0,0.0,0,0,0.0,1,1.0,0,208533.0,-1,0,0,0,0,0,845463.422,54930,16395,0.0,0,0,0.0,0.0,0,0,0,0.0,0.0,0.0,0.0,None,0.0,0,1.0,1.0,0.0,0,0,0.0,0.0,0,0,0,0,0,0.0,0,0.0,0.0,0.0,0.0,0.0,1.0,1.0,0,0,0,0,0,0,0,0,16444.038,321520.812,0.968,30,0.024,0.278048307,0,0,0,0,0,0,0,0,0.0,0.0,0.8,0.0,0.0,0.0,0.0,0.0,0,0,0,0,0,0,0,1,0,0,0,0,0,0,0,1,0,0,0,0,0,0,0,1,0,0.017,20,20,0,0,0
TRE_WEST,TRE_WEST_utilitypv_class1_moderate_4,UtilityPV_Class1_Moderate_,4,108,3,1,0,1,0,0,0,0,0,0.0,0.0,0,0,0.0,0.0,0,0,0.0,1,1.0,0,384245.0,-1,0,0,0,0,0,845463.422,61706,16395,0.0,0,0,0.0,0.0,0,0,0,0.0,0.0,0.0,0.0,None,0.0,0,1.0,1.0,0.0,0,0,0.0,0.0,0,0,0,0,0,0.0,0,0.0,0.0,0.0,0.0,0.0,1.0,1.0,0,0,0,0,0,0,0,0,23220.546,454017.983,0.968,30,0.024,0.275838047,0,0,0,0,0,0,0,0,0.0,0.0,0.8,0.0,0.0,0.0,0.0,0.0,0,0,0,0,0,0,0,1,0,0,0,0,0,0,0,1,0,0,0,0,0,0,0,1,0,0.017,20,20,0,0,0
TRE_WEST,TRE_WEST_utilitypv_class1_moderate_5,UtilityPV_Class1_Moderate_,5,109,3,1,0,1,0,0,0,0,0,0.0,0.0,0,0,0.0,0.0,0,0,0.0,1,1.0,0,187795.6,-1,0,0,0,0,0,845463.422,65790,16395,0.0,0,0,0.0,0.0,0,0,0,0.0,0.0,0.0,0.0,None,0.0,0,1.0,1.0,0.0,0,0,0.0,0.0,0,0,0,0,0,0.0,0,0.0,0.0,0.0,0.0,0.0,1.0,1.0,0,0,0,0,0,0,0,0,27304.25,533864.291,0.968,30,0.024,0.293130219,0,0,0,0,0,0,0,0,0.0,0.0,0.8,0.0,0.0,0.0,0.0,0.0,0,0,0,0,0,0,0,1,0,0,0,0,0,0,0,1,0,0,0,0,0,0,0,1,0,0.017,20,20,0,0,0
